date,temp_c,rentals
2011-01-01,14.1,985
2011-01-02,14.9,801
2011-01-03,8.1,1349
2011-01-04,8.2,1562
2011-01-05,9.3,1600
2011-01-06,8.4,1606
2011-01-07,8.1,1510
2011-01-08,6.8,959
2011-01-09,5.7,822
2011-01-10,6.2,1321
2011-01-11,6.9,1263
2011-01-12,7.1,1162
2011-01-13,6.8,1406
2011-01-14,6.6,1421
2011-01-15,9.6,1248
2011-01-16,9.5,1204
2011-01-17,7.2,1000
2011-01-18,8.9,683
2011-01-19,12.0,1650
2011-01-20,10.7,1927
2011-01-21,7.3,1543
2011-01-22,2.4,981
2011-01-23,4.0,986
2011-01-24,4.0,1416
2011-01-25,9.2,1985
2011-01-26,8.9,506
2011-01-27,8.0,431
2011-01-28,8.3,1167
2011-01-29,8.1,1098
2011-01-30,8.9,1096
2011-01-31,7.4,1501
2011-02-01,7.9,1360
2011-02-02,10.7,1526
2011-02-03,7.7,1550
2011-02-04,8.7,1708
2011-02-05,9.6,1005
2011-02-06,11.7,1623
2011-02-07,11.1,1712
2011-02-08,9.1,1530
2011-02-09,5.5,1605
2011-02-10,5.9,1538
2011-02-11,7.8,1746
2011-02-12,9.1,1472
2011-02-13,13.0,1589
2011-02-14,17.0,1913
2011-02-15,10.9,1815
2011-02-16,13.0,2115
2011-02-17,17.9,2475
2011-02-18,21.4,2927
2011-02-19,16.4,1635
2011-02-20,11.7,1812
2011-02-21,12.4,1107
2011-02-22,7.5,1450
2011-02-23,9.1,1917
2011-02-24,12.1,1807
2011-02-25,14.9,1461
2011-02-26,11.6,1969
2011-02-27,14.1,2402
2011-02-28,16.7,1446
2011-03-01,10.9,1851
2011-03-02,13.7,2134
2011-03-03,8.1,1685
2011-03-04,10.7,1944
2011-03-05,15.8,2077
2011-03-06,15.4,605
2011-03-07,10.7,1872
2011-03-08,12.0,2133
2011-03-09,12.1,1891
2011-03-10,16.0,623
2011-03-11,13.0,1977
2011-03-12,13.5,2132
2011-03-13,15.8,2417
2011-03-14,13.3,2046
2011-03-15,13.0,2056
2011-03-16,15.0,2192
2011-03-17,17.0,2744
2011-03-18,22.1,3239
2011-03-19,19.4,3117
2011-03-20,13.6,2471
2011-03-21,17.6,2077
2011-03-22,18.1,2703
2011-03-23,14.2,2121
2011-03-24,11.7,1865
2011-03-25,10.8,2210
2011-03-26,10.9,2496
2011-03-27,10.4,1693
2011-03-28,10.8,2028
2011-03-29,12.4,2425
2011-03-30,12.3,1536
2011-03-31,11.0,1685
2011-04-01,12.3,2227
2011-04-02,12.9,2252
2011-04-03,15.5,3249
2011-04-04,23.5,3115
2011-04-05,17.0,1795
2011-04-06,16.0,2808
2011-04-07,17.9,3141
2011-04-08,13.8,1471
2011-04-09,14.0,2455
2011-04-10,17.5,2895
2011-04-11,24.4,3348
2011-04-12,20.6,2034
2011-04-13,16.9,2162
2011-04-14,19.2,3267
2011-04-15,18.3,3126
2011-04-16,17.7,795
2011-04-17,18.7,3744
2011-04-18,21.0,3429
2011-04-19,20.7,3204
2011-04-20,24.4,3944
2011-04-21,18.8,4189
2011-04-22,13.8,1683
2011-04-23,18.9,4036
2011-04-24,23.8,4191
2011-04-25,24.9,4073
2011-04-26,25.9,4400
2011-04-27,25.4,3872
2011-04-28,25.3,4058
2011-04-29,20.9,4595
2011-04-30,19.4,5312
2011-05-01,18.5,3351
2011-05-02,22.5,4401
2011-05-03,25.3,4451
2011-05-04,17.0,2633
2011-05-05,18.8,4433
2011-05-06,19.6,4608
2011-05-07,21.3,4714
2011-05-08,21.7,4333
2011-05-09,21.8,4362
2011-05-10,21.8,4803
2011-05-11,22.2,4182
2011-05-12,21.9,4864
2011-05-13,21.0,4105
2011-05-14,21.4,3409
2011-05-15,23.1,4553
2011-05-16,23.7,3958
2011-05-17,23.0,4123
2011-05-18,22.6,3855
2011-05-19,21.8,4575
2011-05-20,22.0,4917
2011-05-21,24.7,5805
2011-05-22,24.8,4660
2011-05-23,25.9,4274
2011-05-24,27.1,4492
2011-05-25,27.1,4978
2011-05-26,29.0,4677
2011-05-27,27.9,4679
2011-05-28,26.9,4758
2011-05-29,27.4,4788
2011-05-30,30.1,4098
2011-05-31,31.8,3982
2011-06-01,31.3,3974
2011-06-02,29.3,4968
2011-06-03,25.4,5312
2011-06-04,26.0,5342
2011-06-05,26.6,4906
2011-06-06,27.8,4548
2011-06-07,29.0,4833
2011-06-08,31.8,4401
2011-06-09,33.1,3915
2011-06-10,31.0,4586
2011-06-11,29.7,4966
2011-06-12,28.4,4460
2011-06-13,26.0,5020
2011-06-14,24.8,4891
2011-06-15,25.7,5180
2011-06-16,25.8,3767
2011-06-17,26.6,4844
2011-06-18,28.6,5119
2011-06-19,28.7,4744
2011-06-20,26.0,4010
2011-06-21,27.9,4835
2011-06-22,30.1,4507
2011-06-23,29.9,4790
2011-06-24,29.7,4991
2011-06-25,28.5,5202
2011-06-26,27.9,5305
2011-06-27,28.0,4708
2011-06-28,30.5,4648
2011-06-29,29.9,5225
2011-06-30,28.6,5515
2011-07-01,29.6,5362
2011-07-02,30.3,5119
2011-07-03,29.4,4649
2011-07-04,29.8,6043
2011-07-05,30.6,4665
2011-07-06,29.5,4629
2011-07-07,30.8,4592
2011-07-08,29.1,4040
2011-07-09,30.1,5336
2011-07-10,30.6,4881
2011-07-11,31.3,4086
2011-07-12,32.6,4258
2011-07-13,30.6,4342
2011-07-14,27.9,5084
2011-07-15,27.2,5538
2011-07-16,28.2,5923
2011-07-17,29.5,5302
2011-07-18,30.6,4458
2011-07-19,31.8,4541
2011-07-20,31.5,4332
2011-07-21,33.4,3784
2011-07-22,34.8,3387
2011-07-23,34.8,3285
2011-07-24,34.0,3606
2011-07-25,30.5,3840
2011-07-26,31.6,4590
2011-07-27,31.8,4656
2011-07-28,31.9,4390
2011-07-29,34.4,3846
2011-07-30,33.0,4475
2011-07-31,33.0,4302
2011-08-01,31.6,4266
2011-08-02,32.1,4845
2011-08-03,30.0,3574
2011-08-04,29.1,4576
2011-08-05,29.1,4866
2011-08-06,29.4,4294
2011-08-07,30.4,3785
2011-08-08,31.4,4326
2011-08-09,31.8,4602
2011-08-10,31.4,4780
2011-08-11,29.4,4792
2011-08-12,29.0,4905
2011-08-13,28.1,4150
2011-08-14,27.7,3820
2011-08-15,27.3,4338
2011-08-16,28.7,4725
2011-08-17,29.7,4694
2011-08-18,29.2,3805
2011-08-19,28.1,4153
2011-08-20,28.6,5191
2011-08-21,29.1,3873
2011-08-22,28.4,4758
2011-08-23,26.3,5895
2011-08-24,27.6,5130
2011-08-25,28.1,3542
2011-08-26,28.7,4661
2011-08-27,27.9,1115
2011-08-28,29.0,4334
2011-08-29,26.1,4634
2011-08-30,26.2,5204
2011-08-31,26.9,5058
2011-09-01,26.9,5115
2011-09-02,26.4,4727
2011-09-03,27.4,4484
2011-09-04,29.1,4940
2011-09-05,27.6,3351
2011-09-06,22.1,2710
2011-09-07,24.6,1996
2011-09-08,26.0,1842
2011-09-09,26.6,3544
2011-09-10,27.1,5345
2011-09-11,26.8,5046
2011-09-12,26.4,4713
2011-09-13,26.7,4763
2011-09-14,27.6,4785
2011-09-15,23.7,3659
2011-09-16,19.2,4760
2011-09-17,20.2,4511
2011-09-18,20.8,4274
2011-09-19,22.5,4539
2011-09-20,23.0,3641
2011-09-21,24.4,4352
2011-09-22,25.8,4795
2011-09-23,25.0,2395
2011-09-24,24.9,5423
2011-09-25,26.0,5010
2011-09-26,26.6,4630
2011-09-27,26.1,4120
2011-09-28,26.0,3907
2011-09-29,25.3,4839
2011-09-30,23.1,5202
2011-10-01,16.8,2429
2011-10-02,14.6,2918
2011-10-03,15.8,3570
2011-10-04,19.9,4456
2011-10-05,22.1,4826
2011-10-06,20.3,4765
2011-10-07,20.9,4985
2011-10-08,21.4,5409
2011-10-09,22.2,5511
2011-10-10,23.4,5117
2011-10-11,23.2,4563
2011-10-12,22.3,2416
2011-10-13,24.2,2913
2011-10-14,22.6,3644
2011-10-15,20.8,5217
2011-10-16,21.0,5041
2011-10-17,21.9,4570
2011-10-18,21.8,4748
2011-10-19,22.2,2424
2011-10-20,19.5,4195
2011-10-21,17.5,4304
2011-10-22,17.3,4308
2011-10-23,17.3,4381
2011-10-24,19.0,4187
2011-10-25,19.3,4687
2011-10-26,19.9,3894
2011-10-27,19.3,2659
2011-10-28,13.6,3747
2011-10-29,10.4,627
2011-10-30,13.1,3331
2011-10-31,13.9,3669
2011-11-01,16.4,4068
2011-11-02,15.5,4186
2011-11-03,16.7,3974
2011-11-04,16.5,4046
2011-11-05,13.4,3926
2011-11-06,14.3,3649
2011-11-07,16.2,4035
2011-11-08,16.7,4205
2011-11-09,16.4,4109
2011-11-10,15.6,2933
2011-11-11,13.3,3368
2011-11-12,14.6,4067
2011-11-13,18.1,3717
2011-11-14,21.7,4486
2011-11-15,21.7,4195
2011-11-16,18.7,1817
2011-11-17,14.0,3053
2011-11-18,11.2,3392
2011-11-19,13.5,3663
2011-11-20,19.0,3520
2011-11-21,18.3,2765
2011-11-22,17.1,1607
2011-11-23,18.1,2566
2011-11-24,15.3,1495
2011-11-25,15.4,2792
2011-11-26,15.4,3068
2011-11-27,18.8,3071
2011-11-28,20.6,3867
2011-11-29,18.8,2914
2011-11-30,13.3,3613
2011-12-01,12.8,3727
2011-12-02,12.9,3940
2011-12-03,12.3,3614
2011-12-04,13.6,3485
2011-12-05,15.8,3811
2011-12-06,19.0,2594
2011-12-07,16.8,705
2011-12-08,10.9,3322
2011-12-09,11.9,3620
2011-12-10,11.3,3190
2011-12-11,9.1,2743
2011-12-12,9.8,3310
2011-12-13,11.6,3523
2011-12-14,13.0,3740
2011-12-15,17.3,3709
2011-12-16,15.4,3577
2011-12-17,10.6,2739
2011-12-18,9.8,2431
2011-12-19,11.3,3403
2011-12-20,15.8,3750
2011-12-21,17.6,2660
2011-12-22,17.4,3068
2011-12-23,15.3,2209
2011-12-24,12.4,1011
2011-12-25,11.3,754
2011-12-26,13.2,1317
2011-12-27,13.3,1162
2011-12-28,12.3,2302
2011-12-29,10.2,2423
2011-12-30,12.8,2999
2011-12-31,16.8,2485
2012-01-01,15.2,2294
2012-01-02,11.2,1951
2012-01-03,6.1,2236
2012-01-04,4.4,2368
2012-01-05,10.9,3272
2012-01-06,13.7,4098
2012-01-07,16.1,4521
2012-01-08,13.8,3425
2012-01-09,9.2,2376
2012-01-10,12.7,3598
2012-01-11,11.2,2177
2012-01-12,15.7,4097
2012-01-13,11.2,3214
2012-01-14,7.4,2493
2012-01-15,6.8,2311
2012-01-16,7.8,2298
2012-01-17,15.3,2935
2012-01-18,12.4,3376
2012-01-19,7.8,3292
2012-01-20,8.9,3163
2012-01-21,7.1,1301
2012-01-22,6.7,1977
2012-01-23,9.0,2432
2012-01-24,14.0,4339
2012-01-25,12.1,4270
2012-01-26,14.0,4075
2012-01-27,17.4,3456
2012-01-28,12.9,4023
2012-01-29,11.6,3243
2012-01-30,11.0,3624
2012-01-31,16.0,4509
2012-02-01,19.2,4579
2012-02-02,16.4,3761
2012-02-03,12.8,4151
2012-02-04,10.8,2832
2012-02-05,10.9,2947
2012-02-06,11.6,3784
2012-02-07,14.5,4375
2012-02-08,10.5,2802
2012-02-09,10.9,3830
2012-02-10,11.5,3831
2012-02-11,9.2,2169
2012-02-12,5.2,1529
2012-02-13,9.1,3422
2012-02-14,13.1,3922
2012-02-15,14.3,4169
2012-02-16,13.0,3005
2012-02-17,14.1,4154
2012-02-18,14.2,4318
2012-02-19,11.5,2689
2012-02-20,11.5,3129
2012-02-21,11.8,3777
2012-02-22,16.2,4773
2012-02-23,18.6,5062
2012-02-24,16.7,3487
2012-02-25,11.9,2732
2012-02-26,11.4,3389
2012-02-27,15.0,4322
2012-02-28,14.7,4363
2012-02-29,14.1,1834
2012-03-01,19.9,4990
2012-03-02,14.5,3194
2012-03-03,17.0,4066
2012-03-04,13.4,3423
2012-03-05,10.0,3333
2012-03-06,10.6,3956
2012-03-07,16.6,4916
2012-03-08,21.6,5382
2012-03-09,16.8,4569
2012-03-10,11.8,4118
2012-03-11,14.8,4911
2012-03-12,19.1,5298
2012-03-13,23.2,5847
2012-03-14,23.5,6312
2012-03-15,22.9,6192
2012-03-16,17.9,4378
2012-03-17,21.1,7836
2012-03-18,19.4,5892
2012-03-19,22.3,6153
2012-03-20,23.0,6093
2012-03-21,21.8,6230
2012-03-22,22.7,6871
2012-03-23,24.7,8362
2012-03-24,20.6,3372
2012-03-25,17.9,4996
2012-03-26,18.3,5558
2012-03-27,13.3,5102
2012-03-28,19.9,5698
2012-03-29,20.3,6133
2012-03-30,15.2,5459
2012-03-31,17.4,6235
2012-04-01,17.5,6041
2012-04-02,17.8,5936
2012-04-03,19.1,6772
2012-04-04,22.2,6436
2012-04-05,17.8,6457
2012-04-06,16.5,6460
2012-04-07,17.9,6857
2012-04-08,20.5,5169
2012-04-09,20.1,5585
2012-04-10,18.3,5918
2012-04-11,14.3,4862
2012-04-12,16.3,5409
2012-04-13,18.1,6398
2012-04-14,20.3,7460
2012-04-15,24.9,7132
2012-04-16,27.2,6370
2012-04-17,24.9,6691
2012-04-18,19.0,4367
2012-04-19,20.4,6565
2012-04-20,21.6,7290
2012-04-21,23.4,6624
2012-04-22,16.3,1027
2012-04-23,13.2,3214
2012-04-24,16.9,5633
2012-04-25,19.5,6196
2012-04-26,20.4,5026
2012-04-27,18.8,6233
2012-04-28,15.4,4220
2012-04-29,18.8,6304
2012-04-30,19.0,5572
2012-05-01,25.1,5740
2012-05-02,23.1,6169
2012-05-03,23.0,6421
2012-05-04,25.7,6296
2012-05-05,25.5,6883
2012-05-06,23.1,6359
2012-05-07,22.0,6273
2012-05-08,23.8,5728
2012-05-09,23.6,4717
2012-05-10,20.7,6572
2012-05-11,21.9,7030
2012-05-12,23.1,7429
2012-05-13,25.1,6118
2012-05-14,23.5,2843
2012-05-15,25.1,5115
2012-05-16,26.1,7424
2012-05-17,24.3,7384
2012-05-18,23.1,7639
2012-05-19,24.6,8294
2012-05-20,25.5,7129
2012-05-21,24.5,4359
2012-05-22,25.2,6073
2012-05-23,25.5,5260
2012-05-24,26.9,6770
2012-05-25,27.9,6734
2012-05-26,28.4,6536
2012-05-27,28.3,6591
2012-05-28,29.2,6043
2012-05-29,29.6,5743
2012-05-30,26.9,6855
2012-05-31,27.9,7338
2012-06-01,26.8,4127
2012-06-02,23.9,8120
2012-06-03,24.7,7641
2012-06-04,24.5,6998
2012-06-05,22.2,7001
2012-06-06,22.7,7055
2012-06-07,24.7,7494
2012-06-08,26.6,7736
2012-06-09,29.1,7498
2012-06-10,29.8,6598
2012-06-11,29.6,6664
2012-06-12,26.8,4972
2012-06-13,26.9,7421
2012-06-14,26.6,7363
2012-06-15,26.2,7665
2012-06-16,25.9,7702
2012-06-17,24.3,6978
2012-06-18,23.3,5099
2012-06-19,28.2,6825
2012-06-20,32.1,6211
2012-06-21,33.0,5905
2012-06-22,31.9,5823
2012-06-23,30.0,7458
2012-06-24,30.5,6891
2012-06-25,29.3,6779
2012-06-26,25.9,7442
2012-06-27,28.6,7335
2012-06-28,30.7,6879
2012-06-29,34.2,5463
2012-06-30,31.4,5687
2012-07-01,33.4,5531
2012-07-02,32.0,6227
2012-07-03,32.0,6660
2012-07-04,32.4,7403
2012-07-05,33.9,6241
2012-07-06,34.0,6207
2012-07-07,35.3,4840
2012-07-08,33.7,4672
2012-07-09,29.1,6569
2012-07-10,29.6,6290
2012-07-11,29.4,7264
2012-07-12,29.3,7446
2012-07-13,30.0,7499
2012-07-14,28.8,6969
2012-07-15,30.6,6031
2012-07-16,31.3,6830
2012-07-17,33.6,6786
2012-07-18,32.5,5713
2012-07-19,31.6,6591
2012-07-20,27.3,5870
2012-07-21,24.4,4459
2012-07-22,27.4,7410
2012-07-23,30.4,6966
2012-07-24,30.8,7592
2012-07-25,29.7,8173
2012-07-26,31.8,6861
2012-07-27,32.0,6904
2012-07-28,31.0,6685
2012-07-29,29.6,6597
2012-07-30,30.0,7105
2012-07-31,29.2,7216
2012-08-01,29.4,7580
2012-08-02,30.9,7261
2012-08-03,31.4,7175
2012-08-04,32.5,6824
2012-08-05,31.5,5464
2012-08-06,30.9,7013
2012-08-07,30.2,7273
2012-08-08,30.8,7534
2012-08-09,31.0,7286
2012-08-10,29.3,5786
2012-08-11,28.4,6299
2012-08-12,28.7,6544
2012-08-13,29.6,6883
2012-08-14,29.8,6784
2012-08-15,29.0,7347
2012-08-16,29.5,7605
2012-08-17,29.7,7148
2012-08-18,27.8,7865
2012-08-19,26.1,4549
2012-08-20,26.1,6530
2012-08-21,26.6,7006
2012-08-22,27.4,7375
2012-08-23,28.5,7765
2012-08-24,28.8,7582
2012-08-25,27.1,6053
2012-08-26,26.8,5255
2012-08-27,28.8,6917
2012-08-28,29.9,7040
2012-08-29,28.1,7697
2012-08-30,29.0,7713
2012-08-31,31.3,7350
2012-09-01,30.9,6140
2012-09-02,28.6,5810
2012-09-03,29.0,6034
2012-09-04,29.8,6864
2012-09-05,30.2,7112
2012-09-06,28.6,6203
2012-09-07,28.8,7504
2012-09-08,27.0,5976
2012-09-09,25.0,8227
2012-09-10,23.9,7525
2012-09-11,23.7,7767
2012-09-12,24.6,7870
2012-09-13,25.1,7804
2012-09-14,26.0,8009
2012-09-15,24.9,8714
2012-09-16,23.8,7333
2012-09-17,23.8,6869
2012-09-18,25.6,4073
2012-09-19,22.7,7591
2012-09-20,22.4,7720
2012-09-21,24.6,8167
2012-09-22,26.6,8395
2012-09-23,21.7,7907
2012-09-24,21.1,7436
2012-09-25,22.6,7538
2012-09-26,26.0,7733
2012-09-27,26.6,7393
2012-09-28,25.4,7415
2012-09-29,22.2,8555
2012-09-30,21.6,6889
2012-10-01,21.4,6778
2012-10-02,24.2,4639
2012-10-03,27.0,7572
2012-10-04,27.0,7328
2012-10-05,25.2,8156
2012-10-06,22.7,7965
2012-10-07,17.0,3510
2012-10-08,15.7,5478
2012-10-09,18.3,6392
2012-10-10,21.1,7691
2012-10-11,17.8,7570
2012-10-12,17.9,7282
2012-10-13,16.1,7109
2012-10-14,21.4,6639
2012-10-15,23.0,5875
2012-10-16,19.2,7534
2012-10-17,18.7,7461
2012-10-18,21.4,7509
2012-10-19,23.1,5424
2012-10-20,19.9,8090
2012-10-21,19.0,6824
2012-10-22,20.0,7058
2012-10-23,22.3,7466
2012-10-24,24.1,7693
2012-10-25,22.6,7359
2012-10-26,22.4,7444
2012-10-27,21.7,7852
2012-10-28,19.6,4459
2012-10-29,18.0,22
2012-10-30,13.0,1096
2012-10-31,14.7,5566
2012-11-01,15.0,5986
2012-11-02,14.6,5847
2012-11-03,14.1,5138
2012-11-04,13.4,5107
2012-11-05,13.1,5259
2012-11-06,11.5,5686
2012-11-07,12.1,5035
2012-11-08,14.4,5315
2012-11-09,14.8,5992
2012-11-10,16.0,6536
2012-11-11,17.3,6852
2012-11-12,19.9,6269
2012-11-13,14.1,4094
2012-11-14,11.9,5495
2012-11-15,13.2,5445
2012-11-16,14.1,5698
2012-11-17,13.3,5629
2012-11-18,14.0,4669
2012-11-19,15.6,5499
2012-11-20,15.3,5634
2012-11-21,14.5,5146
2012-11-22,13.9,2425
2012-11-23,15.1,3910
2012-11-24,11.4,2277
2012-11-25,10.1,2424
2012-11-26,12.8,5087
2012-11-27,12.0,3959
2012-11-28,12.2,5260
2012-11-29,11.5,5323
2012-11-30,12.2,5668
2012-12-01,12.2,5191
2012-12-02,14.2,4649
2012-12-03,18.6,6234
2012-12-04,19.5,6606
2012-12-05,18.0,5729
2012-12-06,10.5,5375
2012-12-07,13.2,5008
2012-12-08,15.6,5582
2012-12-09,15.8,3228
2012-12-10,17.9,5170
2012-12-11,14.5,5501
2012-12-12,12.2,5319
2012-12-13,12.1,5532
2012-12-14,11.5,5611
2012-12-15,13.3,5047
2012-12-16,14.9,3786
2012-12-17,16.1,4585
2012-12-18,16.8,5557
2012-12-19,13.6,5267
2012-12-20,13.5,4128
2012-12-21,13.4,3623
2012-12-22,10.9,1749
2012-12-23,10.1,1787
2012-12-24,9.5,920
2012-12-25,11.9,1013
2012-12-26,10.0,441
2012-12-27,10.4,2114
2012-12-28,10.4,3095
2012-12-29,10.4,1341
2012-12-30,10.5,1796
2012-12-31,8.8,2729
