ad_spend,new_customers
14.6,58
50.9,120
60.9,115
4.8,34
16.5,63
93.0,158
8.9,51
14.7,61
94.9,172
62.9,122
38.2,101
52.1,93
67.0,112
29.0,91
15.5,60
79.2,151
67.7,139
52.2,129
82.0,157
55.8,131
98.1,157
22.0,71
56.3,112
49.4,108
36.6,88
60.0,118
25.1,80
80.6,147
87.0,144
14.6,53
47.8,110
29.2,88
10.1,55
89.8,161
44.1,100
16.5,62
68.0,158
21.8,79
90.3,182
23.3,89
5.2,34
21.7,77
35.9,99
48.0,116
90.8,161
70.3,137
35.3,96
3.7,27
17.7,66
99.7,146
47.1,111
69.7,127
7.4,45
5.3,39
84.9,152
59.6,127
32.3,92
33.1,89
10.7,52
18.9,67
4.4,35
84.2,147
47.7,116
14.5,55
74.4,150
21.2,70
8.1,43
60.6,122
89.8,142
4.6,35
80.9,135
20.6,67
11.1,50
3.8,34
30.7,89
73.3,121
50.3,114
85.6,124
23.3,87
32.9,81
27.3,87
97.9,168
94.2,131
35.4,97
44.7,116
32.8,95
75.2,142
5.9,42
8.6,47
41.6,106
26.0,81
84.8,157
74.7,125
55.5,128
66.8,124
69.8,119
78.5,147
92.9,183
16.7,70
63.4,121
16.1,67
45.4,104
79.1,140
89.7,153
76.4,107
5.5,38
37.2,89
18.0,64
99.9,133
16.1,57
25.9,76
37.0,104
8.0,51
87.3,149
64.4,142
17.7,66
50.8,95
9.7,50
61.9,131
24.7,77
