country,iso3,year,gdp_per_head_usd2015,gdp_growth_pct,trade_pct_gdp,exports_pct_gdp,investment_pct_gdp,fdi_inflow_pct_gdp,inflation_pct,unemployment_pct,co2_tonnes_per_head,uk,eu_member,post_referendum,covid_year
Australia,AUS,2005,50972.64,3.16,39.1,18.2,26.97,-3.6,2.69,5.04,19.04,0,0,0,0
Australia,AUS,2006,51682.89,2.77,41.49,19.82,27.74,4.08,3.56,4.78,19.08,0,0,0,0
Australia,AUS,2007,52671.33,3.79,41.93,20.15,27.35,5.19,2.33,4.38,19.24,0,0,0,0
Australia,AUS,2008,53497.28,3.62,42.75,20.1,28.15,4.27,4.35,4.24,19.03,0,0,0,0
Australia,AUS,2009,53430.53,1.95,45.59,22.94,27.51,3.11,1.77,5.56,18.92,0,0,0,0
Australia,AUS,2010,53768.35,2.21,40.39,19.73,26.95,3.08,2.92,5.21,18.85,0,0,0,0
Australia,AUS,2011,54296.23,2.39,41.72,21.37,25.94,4.67,3.3,5.08,18.48,0,0,0,0
Australia,AUS,2012,55465.45,3.95,43.02,21.42,27.32,3.71,1.76,5.22,18.18,0,0,0,0
Australia,AUS,2013,55966.15,2.65,41.1,19.89,27.73,3.44,2.45,5.66,17.54,0,0,0,0
Australia,AUS,2014,56571.81,2.6,42.3,21.0,26.76,4.29,2.49,6.08,16.89,0,0,0,0
Australia,AUS,2015,56970.36,2.16,41.49,19.98,26.11,3.46,1.51,6.06,16.82,0,0,0,0
Australia,AUS,2016,57633.0,2.76,40.81,19.2,25.28,3.55,1.28,5.71,16.89,0,0,0,0
Australia,AUS,2017,57991.77,2.29,42.04,21.17,23.97,3.62,1.95,5.59,16.72,0,0,1,0
Australia,AUS,2018,58772.71,2.87,43.57,21.81,24.39,4.23,1.91,5.34,16.39,0,0,1,0
Australia,AUS,2019,59181.3,2.19,46.0,24.06,23.32,2.77,1.61,5.14,16.1,0,0,1,0
Australia,AUS,2020,58377.77,-0.13,44.5,23.94,22.73,1.35,0.85,6.39,15.3,0,0,1,1
Australia,AUS,2021,59465.54,2.01,40.2,22.0,22.58,2.02,2.86,5.02,14.98,0,0,1,1
Australia,AUS,2022,61200.46,4.25,45.69,25.46,23.12,4.05,6.59,3.73,14.53,0,0,1,0
Australia,AUS,2023,61869.08,3.58,49.04,26.7,23.19,2.04,5.6,3.67,14.16,0,0,1,0
Australia,AUS,2024,61486.38,1.37,47.15,24.62,24.09,3.06,3.17,3.94,14.1,0,0,1,0
Austria,AUT,2005,40989.01,2.32,94.67,48.95,23.23,25.83,2.3,5.68,9.77,0,1,0,0
Austria,AUT,2006,42120.16,3.27,98.79,51.2,22.83,3.14,1.44,5.32,9.47,0,1,0,0
Austria,AUT,2007,43568.83,3.78,101.36,52.89,23.14,17.81,2.17,4.91,9.09,0,1,0,0
Austria,AUT,2008,44063.86,1.45,102.74,53.6,23.53,1.47,3.22,4.2,9.04,0,1,0,0
Austria,AUT,2009,42372.48,-3.59,87.6,45.49,22.66,3.58,0.51,5.37,8.16,0,1,0,0
Austria,AUT,2010,43035.41,1.81,99.64,51.58,21.86,-5.65,1.81,4.88,8.82,0,1,0,0
Austria,AUT,2011,44146.2,2.93,105.78,54.29,22.71,5.36,3.29,4.64,8.6,0,1,0,0
Austria,AUT,2012,44221.46,0.63,105.84,54.33,22.95,1.28,2.49,4.91,8.19,0,1,0,0
Austria,AUT,2013,43851.37,-0.25,104.99,53.89,23.31,-0.3,2.0,5.37,8.21,0,1,0,0
Austria,AUT,2014,43838.83,0.76,104.5,53.86,22.97,0.39,1.61,5.67,7.71,0,1,0,0
Austria,AUT,2015,43915.23,1.3,103.12,53.4,22.9,-1.8,0.9,5.8,7.79,0,1,0,0
Austria,AUT,2016,44362.67,2.12,101.57,52.66,23.32,-7.24,0.89,6.06,7.76,0,1,0,0
Austria,AUT,2017,45056.64,2.27,105.56,54.33,23.85,3.38,2.08,5.56,7.97,0,1,1,0
Austria,AUT,2018,45951.58,2.48,108.38,55.7,24.31,-6.15,2.0,4.93,7.61,0,1,1,0
Austria,AUT,2019,46550.56,1.75,108.21,55.9,25.08,-2.85,1.53,4.56,7.75,0,1,1,0
Austria,AUT,2020,43428.7,-6.32,99.95,51.66,25.13,-2.76,1.38,5.2,7.06,0,1,1,1
Austria,AUT,2021,45368.64,4.92,111.03,55.95,25.86,3.95,2.77,6.46,7.39,0,1,1,1
Austria,AUT,2022,47332.42,5.33,123.58,61.43,25.21,3.02,8.55,4.99,6.93,0,1,1,0
Austria,AUT,2023,46497.91,-0.79,115.15,58.49,24.69,0.57,7.81,5.26,6.4,0,1,1,0
Austria,AUT,2024,45958.83,-0.66,108.83,55.68,23.55,2.55,2.94,5.2,6.32,0,1,1,0
Belgium,BEL,2005,38645.26,2.32,144.53,74.28,22.15,8.73,2.78,8.44,11.36,0,1,0,0
Belgium,BEL,2006,39371.09,2.55,149.57,76.8,22.33,14.41,1.79,8.25,11.0,0,1,0,0
Belgium,BEL,2007,40520.08,3.68,152.47,78.3,23.29,20.5,1.82,7.46,10.63,0,1,0,0
Belgium,BEL,2008,40380.91,0.45,161.09,80.88,24.12,36.8,4.49,6.98,10.67,0,1,0,0
Belgium,BEL,2009,39293.64,-1.91,135.14,68.6,22.55,15.95,-0.05,7.91,9.94,0,1,0,0
Belgium,BEL,2010,39991.56,2.71,150.16,75.83,21.94,26.06,2.19,8.29,10.55,0,1,0,0
Belgium,BEL,2011,40236.96,1.93,160.77,80.27,22.79,31.04,3.53,7.14,9.47,0,1,0,0
Belgium,BEL,2012,40074.49,0.22,160.38,80.05,22.82,2.37,2.84,7.54,9.27,0,1,0,0
Belgium,BEL,2013,40007.9,0.31,157.57,78.91,22.16,-5.66,1.11,8.43,9.35,0,1,0,0
Belgium,BEL,2014,40533.91,1.77,158.57,79.4,22.84,-2.83,0.34,8.52,8.72,0,1,0,0
Belgium,BEL,2015,40893.8,1.47,155.07,77.88,23.15,-4.23,0.56,8.48,9.08,0,1,0,0
Belgium,BEL,2016,41172.89,1.19,159.06,79.62,23.52,12.13,1.97,7.83,8.94,0,1,0,0
Belgium,BEL,2017,41619.33,1.47,166.9,83.44,23.5,-7.44,2.13,7.09,8.77,0,1,1,0
Belgium,BEL,2018,42208.36,1.88,168.28,83.48,23.77,-7.67,2.05,5.94,8.79,0,1,1,0
Belgium,BEL,2019,43006.4,2.44,165.47,82.97,24.23,-1.97,1.44,5.36,8.73,0,1,1,0
Belgium,BEL,2020,40769.02,-4.79,156.95,79.2,24.03,-5.69,0.74,5.54,7.97,0,1,1,1
Belgium,BEL,2021,43140.97,6.25,177.38,89.63,23.92,5.68,2.44,6.25,8.29,0,1,1,1
Belgium,BEL,2022,44516.0,4.02,191.05,94.36,23.92,2.22,9.6,5.57,7.68,0,1,1,0
Belgium,BEL,2023,44828.23,1.56,165.99,82.81,24.17,-0.65,4.05,5.55,7.28,0,1,1,0
Belgium,BEL,2024,45019.7,1.1,159.02,79.32,24.28,-6.16,3.14,5.7,7.31,0,1,1,0
Canada,CAN,2005,41006.26,3.21,69.76,36.86,21.84,2.18,2.21,6.76,18.06,0,0,0,0
Canada,CAN,2006,41663.55,2.64,68.05,35.4,22.88,4.87,2.0,6.48,17.64,0,0,0,0
Canada,CAN,2007,42106.91,2.05,66.28,34.23,23.34,8.2,2.14,6.16,18.08,0,0,0,0
Canada,CAN,2008,42067.61,1.0,67.02,34.39,23.47,4.52,2.37,6.28,17.31,0,0,0,0
Canada,CAN,2009,40376.46,-2.92,58.47,28.52,22.31,1.52,0.3,8.46,16.14,0,0,0,0
Canada,CAN,2010,41164.38,3.09,60.21,29.17,23.46,1.84,1.78,8.18,16.53,0,0,0,0
Canada,CAN,2011,42043.68,3.14,62.5,30.68,23.51,2.14,2.91,7.64,16.77,0,0,0,0
Canada,CAN,2012,42320.69,1.76,62.6,30.35,24.49,2.7,1.52,7.39,16.34,0,0,0,0
Canada,CAN,2013,42851.21,2.33,62.23,30.33,24.19,3.63,0.94,7.14,16.4,0,0,0,0
Canada,CAN,2014,43643.28,2.87,64.38,31.74,24.39,3.55,1.91,7.02,16.38,0,0,0,0
Canada,CAN,2015,43594.24,0.65,66.16,31.85,23.85,3.85,1.13,6.94,16.09,0,0,0,0
Canada,CAN,2016,43551.39,1.04,65.36,31.5,22.77,2.24,1.43,7.04,15.9,0,0,0,0
Canada,CAN,2017,44339.43,3.03,65.1,31.45,22.7,1.54,1.6,6.43,16.2,0,0,1,0
Canada,CAN,2018,44907.39,2.74,66.6,32.33,22.68,2.47,2.27,5.84,16.52,0,0,1,0
Canada,CAN,2019,45100.34,1.91,66.17,32.35,22.58,2.81,1.95,5.69,16.19,0,0,1,0
Canada,CAN,2020,42366.17,-5.04,61.16,29.47,23.18,1.76,0.72,9.66,14.42,0,0,1,1
Canada,CAN,2021,44639.24,5.95,62.25,31.18,23.79,2.98,3.4,7.53,14.69,0,0,1,1
Canada,CAN,2022,45883.01,4.7,66.95,33.72,23.08,2.31,6.8,5.28,14.78,0,0,1,0
Canada,CAN,2023,45495.51,1.95,66.57,33.34,23.04,2.0,3.88,5.42,14.16,0,0,1,0
Canada,CAN,2024,45061.39,2.05,65.12,32.47,22.91,2.78,2.38,6.35,14.01,0,0,1,0
Switzerland,CHE,2005,77741.34,2.95,101.67,53.37,27.26,0.63,1.17,4.44,6.32,0,0,0,0
Switzerland,CHE,2006,80448.97,4.13,105.76,56.18,27.07,11.99,1.06,4.0,6.23,0,0,0,0
Switzerland,CHE,2007,82909.14,3.98,112.71,61.08,27.23,9.76,0.73,3.64,5.91,0,0,0,0
Switzerland,CHE,2008,83934.77,2.53,116.34,62.78,26.9,0.52,2.43,3.35,6.01,0,0,0,0
Switzerland,CHE,2009,81288.64,-1.93,109.06,57.61,25.37,8.46,-0.48,4.11,5.76,0,0,0,0
Switzerland,CHE,2010,83069.43,3.26,119.2,64.37,25.37,2.9,0.69,4.81,5.92,0,0,0,0
Switzerland,CHE,2011,83307.32,1.41,125.05,66.2,25.61,2.86,0.23,4.41,5.34,0,0,0,0
Switzerland,CHE,2012,83354.02,1.12,125.87,67.43,26.15,5.72,-0.69,4.49,5.45,0,0,0,0
Switzerland,CHE,2013,83914.02,1.84,132.8,71.54,26.15,-3.47,-0.22,4.75,5.51,0,0,0,0
Switzerland,CHE,2014,85004.81,2.54,119.23,64.73,26.32,2.83,-0.01,4.83,4.99,0,0,0,0
Switzerland,CHE,2015,85265.06,1.45,116.37,63.25,26.49,17.09,-1.14,4.8,4.86,0,0,0,0
Switzerland,CHE,2016,85951.22,1.91,122.94,66.24,26.73,24.46,-0.43,4.92,4.87,0,0,0,0
Switzerland,CHE,2017,86362.36,1.42,122.95,65.64,27.52,20.77,0.53,4.8,4.71,0,0,1,0
Switzerland,CHE,2018,88581.08,3.33,123.5,66.74,27.0,-21.84,0.94,4.71,4.52,0,0,1,0
Switzerland,CHE,2019,88932.41,1.12,123.02,66.15,27.0,3.04,0.36,4.39,4.48,0,0,1,0
Switzerland,CHE,2020,86293.92,-2.26,121.45,63.57,27.63,-31.55,-0.73,4.82,4.16,0,0,1,1
Switzerland,CHE,2021,90924.93,6.18,128.0,69.94,26.78,-14.37,0.58,5.01,4.32,0,0,1,1
Switzerland,CHE,2022,93360.44,3.53,136.24,74.96,26.26,-1.45,2.84,4.12,3.93,0,0,1,0
Switzerland,CHE,2023,92947.94,0.83,129.74,70.32,26.89,-12.44,2.14,4.04,3.79,0,0,1,0
Switzerland,CHE,2024,93018.38,1.39,130.35,71.2,26.45,-11.18,1.06,4.34,3.75,0,0,1,0
Germany,DEU,2005,36024.09,0.89,66.95,35.95,18.76,2.07,1.55,11.19,10.21,0,1,0,0
Germany,DEU,2006,37459.26,3.87,72.76,38.97,19.46,2.87,1.58,10.28,10.38,0,1,0,0
Germany,DEU,2007,38593.07,2.89,74.88,40.64,19.72,1.46,2.3,8.73,10.05,0,1,0,0
Germany,DEU,2008,39009.85,0.89,76.11,40.95,19.96,0.81,2.63,7.51,10.11,0,1,0,0
Germany,DEU,2009,36940.41,-5.54,66.14,35.45,18.84,1.63,0.31,7.88,9.38,0,1,0,0
Germany,DEU,2010,38526.74,4.13,73.89,39.5,19.19,2.48,1.1,7.04,9.97,0,1,0,0
Germany,DEU,2011,40722.48,3.76,78.43,41.64,20.01,2.55,2.08,5.97,9.82,0,1,0,0
Germany,DEU,2012,40834.51,0.46,79.33,42.69,19.97,1.82,2.01,5.37,9.95,0,1,0,0
Germany,DEU,2013,40884.89,0.4,77.59,41.68,19.58,1.77,1.5,5.32,10.14,0,1,0,0
Germany,DEU,2014,41602.47,2.18,76.85,41.69,19.78,0.44,0.91,4.98,9.62,0,1,0,0
Germany,DEU,2015,41929.75,1.66,77.76,42.59,19.75,1.82,0.51,4.61,9.61,0,1,0,0
Germany,DEU,2016,42516.93,2.22,76.01,41.64,20.04,1.64,0.49,4.1,9.58,0,1,0,0
Germany,DEU,2017,43543.48,2.8,77.45,42.2,20.13,2.89,1.51,3.78,9.37,0,1,1,0
Germany,DEU,2018,43905.86,1.14,79.13,42.5,20.82,4.0,1.73,3.38,9.01,0,1,1,0
Germany,DEU,2019,44235.27,0.98,79.07,42.34,21.15,1.91,1.45,3.16,8.38,0,1,1,0
Germany,DEU,2020,42372.87,-4.13,72.93,39.12,21.34,4.49,0.14,3.88,7.72,0,1,1,1
Germany,DEU,2021,44011.02,3.91,79.92,42.52,21.18,2.93,3.07,3.59,8.06,0,1,1,1
Germany,DEU,2022,44817.13,1.81,88.79,45.63,21.6,1.82,6.87,3.14,7.91,0,1,1,0
Germany,DEU,2023,44368.99,-0.87,81.96,42.97,21.19,1.99,5.95,3.07,7.08,0,1,1,0
Germany,DEU,2024,44027.76,-0.5,79.09,41.43,20.46,1.34,2.26,3.4,6.94,0,1,1,0
Denmark,DNK,2005,52015.18,2.36,89.4,47.38,21.17,4.85,1.82,4.83,9.35,0,1,0,0
Denmark,DNK,2006,53823.16,3.82,97.43,50.68,23.27,0.84,1.92,3.9,10.78,0,1,0,0
Denmark,DNK,2007,54113.98,0.99,100.05,51.4,23.5,3.69,1.69,3.8,9.86,0,1,0,0
Denmark,DNK,2008,53572.53,-0.42,104.47,53.97,22.94,0.62,3.42,3.68,9.21,0,1,0,0
Denmark,DNK,2009,50635.91,-4.97,89.39,47.0,20.1,1.17,1.3,6.41,8.76,0,1,0,0
Denmark,DNK,2010,51209.45,1.58,94.39,50.59,17.99,-3.57,2.31,7.75,8.75,0,1,0,0
Denmark,DNK,2011,51667.53,1.31,102.01,54.08,18.15,3.94,2.76,7.77,7.81,0,1,0,0
Denmark,DNK,2012,51470.69,-0.01,104.36,55.08,18.8,-5.0,2.4,7.8,6.9,0,1,0,0
Denmark,DNK,2013,51970.39,1.39,103.61,54.92,18.81,0.2,0.79,7.38,7.18,0,1,0,0
Denmark,DNK,2014,52368.36,1.28,103.21,54.83,19.33,1.86,0.56,6.92,6.41,0,1,0,0
Denmark,DNK,2015,53094.01,2.1,105.13,55.81,19.8,0.61,0.45,6.28,5.99,0,1,0,0
Denmark,DNK,2016,54300.2,3.07,101.45,53.74,20.98,2.5,0.25,5.99,6.23,0,1,0,0
Denmark,DNK,2017,55601.01,3.06,104.22,55.35,21.23,1.09,1.15,5.83,5.82,0,1,1,0
Denmark,DNK,2018,56355.07,1.86,108.81,56.98,21.76,2.47,0.81,5.13,5.79,0,1,1,0
Denmark,DNK,2019,57114.62,1.71,111.89,58.95,21.35,-1.1,0.76,5.02,5.17,0,1,1,0
Denmark,DNK,2020,55934.56,-1.78,104.43,55.04,22.18,0.36,0.42,5.64,4.77,0,1,1,1
Denmark,DNK,2021,59312.82,6.5,112.32,59.21,23.21,4.19,1.85,5.07,5.05,0,1,1,1
Denmark,DNK,2022,59108.74,0.44,132.0,70.76,23.09,6.9,7.7,4.43,4.83,0,1,1,0
Denmark,DNK,2023,59026.98,0.6,129.63,69.31,23.53,2.03,3.31,5.09,4.41,0,1,1,0
Denmark,DNK,2024,60772.86,3.48,131.77,71.0,23.33,4.3,1.37,5.36,4.28,0,1,1,0
Spain,ESP,2005,26294.45,3.55,54.7,24.94,29.03,2.45,3.37,9.15,8.43,0,1,0,0
Spain,ESP,2006,26899.09,4.04,56.08,25.18,30.05,2.81,3.52,8.45,8.07,0,1,0,0
Spain,ESP,2007,27338.8,3.53,57.63,25.92,29.88,4.76,2.79,8.23,8.21,0,1,0,0
Spain,ESP,2008,27112.53,0.77,55.83,25.55,27.86,4.36,4.08,11.25,7.4,0,1,0,0
Spain,ESP,2009,25860.81,-3.77,46.84,22.99,23.16,0.51,-0.29,17.86,6.48,0,1,0,0
Spain,ESP,2010,25766.25,0.09,52.69,25.83,21.87,2.52,1.8,19.86,6.18,0,1,0,0
Spain,ESP,2011,25510.56,-0.64,58.51,29.39,20.15,1.74,3.2,21.39,6.19,0,1,0,0
Spain,ESP,2012,24763.57,-2.87,60.55,31.3,18.71,1.45,2.45,24.79,6.09,0,1,0,0
Spain,ESP,2013,24498.56,-1.43,61.67,32.76,17.6,3.46,1.41,26.09,5.5,0,1,0,0
Spain,ESP,2014,24947.85,1.52,63.4,33.22,18.03,2.32,-0.15,24.44,5.49,0,1,0,0
Spain,ESP,2015,25982.44,4.06,63.58,33.3,18.3,1.97,-0.5,22.06,5.85,0,1,0,0
Spain,ESP,2016,26719.24,2.92,63.19,33.58,18.19,3.62,-0.2,19.64,5.66,0,1,0,0
Spain,ESP,2017,27426.28,2.9,66.17,34.9,18.91,2.54,1.96,17.22,5.98,0,1,1,0
Spain,ESP,2018,27956.72,2.4,67.01,34.87,19.67,4.47,1.67,15.26,5.81,0,1,1,0
Spain,ESP,2019,28301.44,1.96,66.37,34.68,20.31,2.16,0.7,14.1,5.4,0,1,1,0
Spain,ESP,2020,25077.02,-10.94,59.45,30.48,20.62,2.92,-0.32,15.53,4.53,0,1,1,1
Spain,ESP,2021,26705.36,6.68,66.52,33.76,20.2,4.42,3.09,14.91,4.92,0,1,1,1
Spain,ESP,2022,28203.11,6.37,78.47,39.67,20.49,4.66,8.39,13.03,4.99,0,1,1,0
Spain,ESP,2023,28558.63,2.46,71.8,37.82,20.47,2.9,3.53,12.18,4.57,0,1,1,0
Spain,ESP,2024,29245.22,3.46,69.95,37.06,20.29,2.48,2.75,11.4,4.51,0,1,1,0
Finland,FIN,2005,42529.35,2.78,76.59,40.28,22.92,5.31,0.62,9.6,11.1,0,1,0,0
Finland,FIN,2006,44069.4,4.02,82.0,43.08,22.77,2.14,1.57,8.94,13.26,0,1,0,0
Finland,FIN,2007,46213.69,5.31,82.86,43.83,24.2,8.57,2.51,6.85,12.87,0,1,0,0
Finland,FIN,2008,46359.87,0.78,86.19,44.9,24.5,6.79,4.07,6.37,11.26,0,1,0,0
Finland,FIN,2009,42412.51,-8.08,70.13,36.08,22.96,-3.48,-0.0,8.25,10.69,0,1,0,0
Finland,FIN,2010,43556.54,3.17,75.46,38.41,22.82,4.9,1.18,8.39,12.28,0,1,0,0
Finland,FIN,2011,44391.45,2.39,78.72,38.97,22.91,-2.18,3.42,7.78,10.81,0,1,0,0
Finland,FIN,2012,43507.93,-1.52,79.43,38.93,23.31,1.92,2.81,7.69,9.67,0,1,0,0
Finland,FIN,2013,42883.64,-0.98,77.49,38.25,22.33,-1.83,1.48,8.19,9.81,0,1,0,0
Finland,FIN,2014,42502.49,-0.48,74.63,36.81,21.72,6.42,1.04,8.66,9.05,0,1,0,0
Finland,FIN,2015,42560.35,0.47,71.96,35.78,21.42,7.54,-0.21,9.38,8.39,0,1,0,0
Finland,FIN,2016,43529.68,2.57,71.72,35.33,23.05,2.19,0.36,8.82,8.88,0,1,0,0
Finland,FIN,2017,44862.22,3.3,75.94,38.17,23.69,6.66,0.75,8.64,8.36,0,1,1,0
Finland,FIN,2018,45337.24,1.19,79.14,39.15,24.59,-3.84,1.08,7.36,8.6,0,1,1,0
Finland,FIN,2019,45898.57,1.35,80.56,40.62,24.42,6.1,1.02,6.7,7.99,0,1,1,0
Finland,FIN,2020,44690.98,-2.49,72.18,36.21,24.66,-0.94,0.29,7.76,7.14,0,1,1,1
Finland,FIN,2021,45792.05,2.68,79.79,39.92,24.42,8.01,2.19,7.62,7.09,0,1,1,1
Finland,FIN,2022,46016.15,0.76,94.56,46.28,24.66,4.67,7.12,6.72,6.68,0,1,1,0
Finland,FIN,2023,45196.48,-1.29,85.51,42.77,23.4,-0.04,6.25,7.15,5.89,0,1,1,0
Finland,FIN,2024,45075.17,0.37,83.45,41.9,22.05,2.93,1.57,8.4,5.54,0,1,1,0
France,FRA,2005,34946.04,1.89,55.82,28.16,21.26,3.88,1.75,8.88,6.45,0,1,0,0
France,FRA,2006,35645.42,2.71,57.87,28.93,21.9,3.41,1.68,8.83,6.24,0,1,0,0
France,FRA,2007,36322.17,2.53,58.15,28.86,22.59,3.15,1.49,8.01,6.09,0,1,0,0
France,FRA,2008,36257.37,0.38,59.18,29.2,22.93,2.32,2.81,7.39,5.94,0,1,0,0
France,FRA,2009,35052.85,-2.82,52.2,25.88,21.45,0.68,0.09,9.12,5.72,0,1,0,0
France,FRA,2010,35578.2,2.0,56.59,27.83,21.48,1.47,1.53,9.28,5.8,0,1,0,0
France,FRA,2011,36269.96,2.44,60.61,29.54,21.7,1.54,2.11,9.23,5.57,0,1,0,0
France,FRA,2012,36161.29,0.18,61.66,30.36,21.66,1.23,1.95,9.84,5.56,0,1,0,0
France,FRA,2013,36256.09,0.78,61.82,30.59,21.27,1.19,0.86,9.91,5.46,0,1,0,0
France,FRA,2014,36444.39,1.0,62.2,30.74,20.96,0.18,0.51,10.27,4.93,0,1,0,0
France,FRA,2015,36702.43,1.07,63.5,31.69,20.56,1.77,0.04,10.35,4.99,0,1,0,0
France,FRA,2016,36920.53,0.86,63.34,31.5,20.92,1.44,0.18,10.06,5.02,0,1,0,0
France,FRA,2017,37580.6,2.08,65.4,32.31,21.42,1.69,1.03,9.41,5.06,0,1,1,0
France,FRA,2018,38062.44,1.65,66.8,32.92,21.88,2.79,1.85,9.02,4.89,0,1,1,0
France,FRA,2019,38705.21,2.03,66.43,32.89,22.42,1.96,1.11,8.41,4.79,0,1,1,0
France,FRA,2020,35709.2,-7.44,58.84,28.56,22.44,0.73,0.48,8.01,4.25,0,1,1,1
France,FRA,2021,38030.86,6.88,63.79,31.29,23.48,3.3,1.64,7.87,4.67,0,1,1,1
France,FRA,2022,38868.33,2.72,75.96,36.62,23.49,4.02,5.22,7.3,4.51,0,1,1,0
France,FRA,2023,39319.42,1.44,70.63,34.46,22.83,0.59,4.88,7.34,4.16,0,1,1,0
France,FRA,2024,39683.4,1.19,68.11,33.89,22.1,1.65,2.0,7.4,4.0,0,1,1,0
United Kingdom,GBR,2005,43320.56,2.79,52.54,25.21,18.13,9.9,2.09,4.88,9.26,1,0,0,0
United Kingdom,GBR,2006,43945.0,2.19,56.7,27.41,18.35,7.49,2.46,5.47,9.2,1,0,0,0
United Kingdom,GBR,2007,44882.14,2.93,52.75,25.41,18.82,6.75,2.39,5.4,8.98,1,0,0,0
United Kingdom,GBR,2008,44508.29,-0.05,56.44,27.38,18.41,8.61,3.52,5.75,8.64,1,0,0,0
United Kingdom,GBR,2009,42146.51,-4.59,54.65,26.71,16.99,0.6,1.96,7.68,7.76,1,0,0,0
United Kingdom,GBR,2010,42762.72,2.26,59.05,28.75,16.59,2.67,2.49,7.97,7.98,1,0,0,0
United Kingdom,GBR,2011,42791.09,0.85,63.32,31.26,16.18,1.01,3.86,8.2,7.26,1,0,0,0
United Kingdom,GBR,2012,43136.7,1.53,61.97,30.5,16.27,1.72,2.57,8.28,7.56,1,0,0,0
United Kingdom,GBR,2013,43585.87,1.72,61.72,30.21,16.59,1.95,2.29,7.75,7.33,1,0,0,0
United Kingdom,GBR,2014,44628.57,3.16,58.82,28.53,17.18,1.91,1.45,6.4,6.66,1,0,0,0
United Kingdom,GBR,2015,45256.04,2.14,57.13,27.88,17.95,1.54,0.37,5.55,6.39,1,0,0,0
United Kingdom,GBR,2016,45888.71,2.21,59.84,29.06,18.57,12.0,1.01,4.91,5.97,1,0,0,0
United Kingdom,GBR,2017,47019.45,3.02,63.19,30.97,18.97,4.64,2.56,4.5,5.77,1,0,1,0
United Kingdom,GBR,2018,47516.21,1.55,64.91,31.85,18.69,-0.86,2.29,4.14,5.64,1,0,1,0
United Kingdom,GBR,2019,47866.91,1.26,65.0,31.9,18.83,0.69,1.74,3.66,5.39,1,0,1,0
United Kingdom,GBR,2020,42985.04,-10.05,59.16,29.95,18.22,5.77,0.99,4.47,4.79,1,0,1,1
United Kingdom,GBR,2021,46491.51,8.54,58.54,29.29,18.54,3.21,2.52,4.86,5.05,1,0,1,1
United Kingdom,GBR,2022,48410.1,5.15,69.2,34.06,19.0,2.92,7.92,3.77,4.81,1,0,1,0
United Kingdom,GBR,2023,47911.15,0.27,64.99,31.91,18.9,0.4,6.79,4.03,4.45,1,0,1,0
United Kingdom,GBR,2024,47900.97,1.08,62.84,31.06,18.67,-0.35,3.27,4.36,4.22,1,0,1,0
Ireland,IRL,2005,50547.21,5.74,148.18,79.53,29.83,22.18,2.46,4.24,11.32,0,1,0,0
Ireland,IRL,2006,51656.82,4.99,150.02,79.03,30.99,9.51,3.94,4.36,11.16,0,1,0,0
Ireland,IRL,2007,52849.69,5.31,153.4,80.84,28.71,22.19,4.89,4.98,10.67,0,1,0,0
Ireland,IRL,2008,49461.16,-4.48,160.04,84.33,24.84,8.45,4.04,6.77,10.31,0,1,0,0
Ireland,IRL,2009,46466.38,-5.1,173.59,93.56,21.16,22.83,-4.45,12.61,9.08,0,1,0,0
Ireland,IRL,2010,46991.65,1.68,190.08,103.33,17.59,17.02,-0.92,14.53,8.97,0,1,0,0
Ireland,IRL,2011,47539.92,1.61,186.3,102.41,16.57,9.83,2.55,15.35,8.11,0,1,0,0
Ireland,IRL,2012,47147.16,-0.41,190.36,103.82,19.5,25.6,1.69,15.45,8.18,0,1,0,0
Ireland,IRL,2013,47928.03,2.19,199.74,109.75,18.28,29.86,0.52,13.74,7.86,0,1,0,0
Ireland,IRL,2014,52044.62,9.39,211.18,115.1,20.19,39.36,0.19,11.86,7.76,0,1,0,0
Ireland,IRL,2015,64250.14,24.62,223.7,126.69,24.28,74.82,-0.33,9.91,8.01,0,1,0,0
Ireland,IRL,2016,64205.98,1.22,239.71,129.18,34.11,26.13,0.02,8.37,8.3,0,1,0,0
Ireland,IRL,2017,69748.62,10.11,233.3,128.5,32.48,20.42,0.36,6.71,7.93,0,1,1,0
Ireland,IRL,2018,74029.06,7.69,222.45,125.97,27.9,20.36,0.47,5.74,7.76,0,1,1,0
Ireland,IRL,2019,76485.64,4.97,257.65,131.22,53.21,7.67,0.94,4.95,7.31,0,1,1,0
Ireland,IRL,2020,80927.94,7.15,258.78,139.81,41.39,8.09,-0.33,5.62,6.8,0,1,1,1
Ireland,IRL,2021,92781.23,16.26,231.03,136.4,22.08,14.65,2.34,6.36,7.12,0,1,1,1
Ireland,IRL,2022,97793.54,7.51,237.76,139.51,21.14,-6.49,7.83,4.46,6.85,0,1,1,0
Ireland,IRL,2023,93541.96,-2.54,239.65,136.53,24.89,-24.67,6.3,4.24,6.19,0,1,1,0
Ireland,IRL,2024,94474.99,2.6,246.17,143.98,17.35,0.79,2.11,4.3,6.04,0,1,1,0
Italy,ITA,2005,33407.68,0.76,49.12,24.51,21.67,1.97,1.99,7.73,8.48,0,1,0,0
Italy,ITA,2006,33873.05,1.8,52.92,26.05,21.92,2.91,2.09,6.78,8.35,0,1,0,0
Italy,ITA,2007,34159.91,1.46,54.83,27.25,21.99,2.97,1.83,6.08,8.17,0,1,0,0
Italy,ITA,2008,33550.63,-1.02,54.21,26.74,21.56,-0.39,3.35,6.72,7.85,0,1,0,0
Italy,ITA,2009,31587.06,-5.31,45.14,22.28,20.32,0.75,0.77,7.75,6.95,0,1,0,0
Italy,ITA,2010,31928.55,1.53,51.66,24.92,20.24,0.46,1.53,8.36,7.08,0,1,0,0
Italy,ITA,2011,32039.5,0.7,54.47,26.56,19.91,1.49,2.78,8.36,6.91,0,1,0,0
Italy,ITA,2012,30953.41,-3.13,54.88,27.99,18.48,0.0,3.04,10.66,6.55,0,1,0,0
Italy,ITA,2013,30330.02,-1.82,54.03,28.18,17.31,0.91,1.22,12.15,6.0,0,1,0,0
Italy,ITA,2014,30325.03,-0.0,54.45,28.62,16.84,0.78,0.24,12.68,5.69,0,1,0,0
Italy,ITA,2015,30639.88,0.89,55.44,29.14,17.08,0.72,0.04,11.9,5.87,0,1,0,0
Italy,ITA,2016,31077.68,1.24,54.43,28.8,17.29,1.36,-0.09,11.69,5.81,0,1,0,0
Italy,ITA,2017,31635.52,1.6,57.58,30.14,17.58,0.44,1.23,11.21,5.76,0,1,1,0
Italy,ITA,2018,31963.64,0.83,59.27,30.81,17.97,2.11,1.14,10.54,5.68,0,1,1,0
Italy,ITA,2019,32180.43,0.43,58.69,30.95,18.13,1.77,0.61,9.88,5.57,0,1,1,0
Italy,ITA,2020,29469.8,-8.87,53.94,28.73,18.2,-0.89,-0.14,9.19,4.97,0,1,1,1
Italy,ITA,2021,32267.71,8.93,60.3,31.17,20.77,1.2,1.87,9.5,5.59,0,1,1,1
Italy,ITA,2022,33891.89,4.82,72.02,35.1,21.78,2.94,8.2,8.07,5.61,0,1,1,0
Italy,ITA,2023,34221.72,0.92,65.1,33.33,22.65,1.81,5.62,7.63,5.16,0,1,1,0
Italy,ITA,2024,34508.12,0.78,62.59,32.34,21.51,1.2,0.98,6.5,5.08,0,1,1,0
Japan,JPN,2005,33385.92,1.85,25.99,13.69,26.88,0.11,-0.28,4.45,10.01,0,0,0,0
Japan,JPN,2006,33880.69,1.55,29.71,15.5,27.05,-0.05,0.25,4.19,9.82,0,0,0,0
Japan,JPN,2007,34426.69,1.73,32.5,17.12,26.46,0.47,0.06,3.89,10.09,0,0,0,0
Japan,JPN,2008,34008.59,-1.17,33.77,17.06,26.39,0.48,1.38,4.0,9.53,0,0,0,0
Japan,JPN,2009,31993.86,-5.94,24.17,12.31,24.68,0.23,-1.35,5.07,9.04,0,0,0,0
Japan,JPN,2010,33311.29,4.14,28.24,14.78,23.56,0.13,-0.73,5.1,9.5,0,0,0,0
Japan,JPN,2011,33306.18,-0.2,29.97,14.66,24.26,-0.01,-0.27,4.55,9.93,0,0,0,0
Japan,JPN,2012,33909.49,1.65,30.17,14.27,24.76,0.01,-0.04,4.36,10.25,0,0,0,0
Japan,JPN,2013,34636.69,2.0,33.59,15.6,25.52,0.2,0.34,4.04,10.38,0,0,0,0
Japan,JPN,2014,34996.88,0.91,36.76,17.11,26.4,0.4,2.76,3.59,10.01,0,0,0,0
Japan,JPN,2015,35664.64,1.8,34.73,17.09,26.37,0.12,0.8,3.38,9.69,0,0,0,0
Japan,JPN,2016,35934.45,0.7,30.66,15.72,26.13,0.8,-0.13,3.13,9.67,0,0,0,0
Japan,JPN,2017,36547.74,1.62,33.69,17.22,26.42,0.37,0.48,2.82,9.55,0,0,1,0
Japan,JPN,2018,36899.38,0.83,35.8,17.91,26.73,0.49,0.99,2.47,9.17,0,0,1,0
Japan,JPN,2019,36837.26,-0.31,34.36,17.04,27.18,0.76,0.47,2.35,8.87,0,0,1,0
Japan,JPN,2020,35363.3,-4.28,30.52,15.13,27.14,1.21,-0.02,2.81,8.4,0,0,1,1
Japan,JPN,2021,36792.56,3.56,35.43,17.46,27.08,0.67,-0.23,2.81,8.59,0,0,1,1
Japan,JPN,2022,37448.35,1.33,44.86,20.65,27.83,1.08,2.5,2.61,8.4,0,0,1,0
Japan,JPN,2023,37902.55,0.72,43.6,21.06,27.85,0.46,3.27,2.6,8.05,0,0,1,0
Japan,JPN,2024,37976.64,-0.24,44.85,21.98,27.81,0.45,2.74,2.5,7.84,0,0,1,0
Netherlands,NLD,2005,42411.35,2.03,122.26,65.59,20.31,30.5,1.69,5.87,11.16,0,1,0,0
Netherlands,NLD,2006,43841.09,3.54,127.2,68.15,20.91,50.91,1.1,5.01,10.87,0,1,0,0
Netherlands,NLD,2007,45445.54,3.89,129.8,68.71,23.1,85.98,1.61,4.15,10.92,0,1,0,0
Netherlands,NLD,2008,46227.2,2.12,130.15,69.61,21.93,20.41,2.49,3.66,10.94,0,1,0,0
Netherlands,NLD,2009,44304.4,-3.67,115.11,61.6,21.08,23.12,1.19,4.35,10.57,0,1,0,0
Netherlands,NLD,2010,44659.28,1.32,130.08,69.29,19.44,6.48,1.28,4.99,11.2,0,1,0,0
Netherlands,NLD,2011,45239.72,1.77,141.76,75.18,19.93,39.04,2.34,4.98,10.43,0,1,0,0
Netherlands,NLD,2012,44631.89,-0.98,149.39,79.58,18.59,30.9,2.46,5.82,10.24,0,1,0,0
Netherlands,NLD,2013,44487.04,-0.03,150.65,80.37,18.2,36.7,2.51,7.24,10.08,0,1,0,0
Netherlands,NLD,2014,45042.05,1.61,151.72,81.38,17.39,15.99,0.98,7.42,9.59,0,1,0,0
Netherlands,NLD,2015,45793.81,2.12,160.33,83.99,21.81,48.47,0.6,6.87,10.0,0,1,0,0
Netherlands,NLD,2016,46655.03,2.42,150.97,80.91,19.29,34.79,0.32,6.01,10.03,0,1,0,0
Netherlands,NLD,2017,47670.09,2.78,159.65,85.18,19.76,23.71,1.38,4.84,9.82,0,1,1,0
Netherlands,NLD,2018,48463.01,2.26,163.56,87.06,19.95,-30.66,1.7,3.83,9.46,0,1,1,0
Netherlands,NLD,2019,49254.02,2.3,160.68,85.32,20.91,-13.76,2.63,3.38,9.11,0,1,1,0
Netherlands,NLD,2020,47086.57,-3.87,152.23,81.24,21.27,-23.69,1.27,3.82,8.15,0,1,1,1
Netherlands,NLD,2021,49780.83,6.28,163.15,86.45,20.69,-10.97,2.68,4.21,8.32,0,1,1,1
Netherlands,NLD,2022,51777.53,5.01,184.11,96.44,20.47,1.48,10.0,3.53,7.52,0,1,1,0
Netherlands,NLD,2023,50960.78,-0.6,165.03,87.49,20.35,-30.24,3.84,3.54,6.88,0,1,1,0
Netherlands,NLD,2024,51174.9,1.07,153.96,82.5,19.86,-1.41,3.35,3.7,6.6,0,1,1,0
Norway,NOR,2005,73933.74,2.97,70.25,43.24,20.44,3.23,1.53,4.38,9.37,0,0,0,0
Norway,NOR,2006,75428.88,2.85,71.17,44.17,21.19,3.4,2.33,3.4,9.44,0,0,0,0
Norway,NOR,2007,77205.75,3.42,71.17,42.5,23.98,6.08,0.71,2.49,9.54,0,0,0,0
Norway,NOR,2008,76876.87,0.82,73.87,45.67,23.23,4.36,3.75,2.52,9.88,0,0,0,0
Norway,NOR,2009,74688.75,-1.61,66.39,39.25,23.67,2.18,2.2,3.1,9.35,0,0,0,0
Norway,NOR,2010,74505.43,1.0,67.1,39.57,20.97,4.92,2.42,3.53,9.81,0,0,0,0
Norway,NOR,2011,74563.83,1.39,68.31,41.0,21.85,2.01,1.28,3.2,9.48,0,0,0,0
Norway,NOR,2012,75669.06,2.82,67.29,40.62,22.72,5.31,0.7,3.13,9.24,0,0,0,0
Norway,NOR,2013,75711.24,1.27,66.66,39.15,23.76,-0.25,2.12,3.42,9.23,0,0,0,0
Norway,NOR,2014,76430.74,2.1,67.77,39.01,24.17,0.63,2.04,3.49,9.15,0,0,0,0
Norway,NOR,2015,77220.95,2.04,68.84,37.78,24.16,1.82,2.17,4.3,9.24,0,0,0,0
Norway,NOR,2016,77532.28,1.29,67.33,35.08,25.79,-4.87,3.55,4.68,9.05,0,0,0,0
Norway,NOR,2017,78961.78,2.67,67.2,35.78,25.03,1.42,1.88,4.16,8.98,0,0,1,0
Norway,NOR,2018,79313.29,1.11,68.18,37.3,24.45,-1.25,2.76,3.8,8.78,0,0,1,0
Norway,NOR,2019,79937.51,1.47,68.88,35.7,27.49,3.85,2.17,3.68,8.48,0,0,1,0
Norway,NOR,2020,78387.04,-1.36,63.37,31.35,28.38,-0.86,1.29,4.42,8.12,0,0,1,1
Norway,NOR,2021,81199.34,4.14,69.11,41.78,24.0,3.52,3.48,4.36,8.21,0,0,1,1
Norway,NOR,2022,83756.74,4.08,79.92,53.58,19.4,2.31,5.76,3.23,7.98,0,0,1,0
Norway,NOR,2023,83100.79,0.35,77.4,46.4,22.58,2.74,5.52,3.57,7.54,0,0,1,0
Norway,NOR,2024,83487.13,1.42,79.58,46.38,22.95,2.42,3.15,4.0,7.18,0,0,1,0
New Zealand,NZL,2005,35112.08,3.35,58.02,28.29,24.75,1.66,3.04,3.81,8.75,0,0,0,0
New Zealand,NZL,2006,35649.03,2.77,59.6,29.61,23.91,2.61,3.37,3.86,8.68,0,0,0,0
New Zealand,NZL,2007,36400.02,3.06,58.43,29.27,23.91,3.16,2.38,3.66,8.31,0,0,0,0
New Zealand,NZL,2008,35722.23,-1.03,64.26,32.01,22.88,1.94,3.96,4.17,8.5,0,0,0,0
New Zealand,NZL,2009,35352.64,-0.04,55.01,28.67,20.36,-0.04,2.12,6.12,7.77,0,0,0,0
New Zealand,NZL,2010,35476.37,1.47,58.1,30.2,19.95,0.19,2.3,6.56,7.69,0,0,0,0
New Zealand,NZL,2011,35961.91,2.14,59.18,30.36,20.07,0.82,4.03,6.49,7.46,0,0,0,0
New Zealand,NZL,2012,36588.82,2.3,56.93,28.81,20.95,2.18,1.06,6.93,7.89,0,0,0,0
New Zealand,NZL,2013,37240.03,2.56,56.01,28.81,21.44,-0.04,1.13,5.84,7.78,0,0,0,0
New Zealand,NZL,2014,38025.47,3.82,55.12,27.97,22.61,1.61,1.23,5.43,7.81,0,0,0,0
New Zealand,NZL,2015,38648.73,3.73,54.87,27.95,23.0,-0.04,0.29,5.42,7.68,0,0,0,0
New Zealand,NZL,2016,39205.03,3.74,52.48,26.63,22.74,1.06,0.65,5.15,7.37,0,0,0,0
New Zealand,NZL,2017,39667.69,3.32,54.28,27.59,23.12,1.16,1.85,4.74,7.53,0,0,1,0
New Zealand,NZL,2018,40257.91,3.32,55.91,27.9,23.69,1.16,1.6,4.34,7.27,0,0,1,0
New Zealand,NZL,2019,40615.73,2.32,54.46,27.32,23.67,1.44,1.62,4.11,7.49,0,0,1,0
New Zealand,NZL,2020,39702.31,-0.24,43.83,21.67,23.38,2.25,1.71,4.6,6.84,0,0,1,1
New Zealand,NZL,2021,41309.82,4.3,48.43,22.33,24.73,2.09,3.94,3.78,6.83,0,0,1,1
New Zealand,NZL,2022,42716.09,3.35,53.21,24.05,25.54,3.93,7.17,3.3,6.32,0,0,1,0
New Zealand,NZL,2023,42501.49,1.81,49.87,23.63,24.85,1.71,5.73,3.73,6.11,0,0,1,0
New Zealand,NZL,2024,41415.47,-0.87,50.66,24.71,23.37,0.67,2.92,4.72,6.01,0,0,1,0
Portugal,PRT,2005,19251.71,0.78,62.94,27.08,23.13,1.71,2.28,7.58,6.46,0,1,0,0
Portugal,PRT,2006,19529.31,1.63,68.55,30.36,22.53,6.42,3.11,7.65,5.98,0,1,0,0
Portugal,PRT,2007,19979.57,2.51,69.95,31.19,22.51,2.5,2.45,7.96,5.82,0,1,0,0
Portugal,PRT,2008,20014.47,0.32,72.08,31.26,22.85,2.97,2.59,7.55,5.61,0,1,0,0
Portugal,PRT,2009,19371.13,-3.12,61.49,27.29,21.2,2.35,-0.84,9.43,5.53,0,1,0,0
Portugal,PRT,2010,19698.68,1.74,67.69,30.03,20.65,3.77,1.4,10.77,5.04,0,1,0,0
Portugal,PRT,2011,19389.64,-1.71,73.01,34.41,18.48,4.24,3.65,12.72,4.87,0,1,0,0
Portugal,PRT,2012,18679.76,-4.05,75.94,37.72,15.88,7.22,2.77,15.51,4.73,0,1,0,0
Portugal,PRT,2013,18597.72,-0.98,78.03,39.56,14.83,6.44,0.27,16.24,4.6,0,1,0,0
Portugal,PRT,2014,18836.9,0.74,80.22,40.19,15.11,5.44,-0.28,13.88,4.58,0,1,0,0
Portugal,PRT,2015,19215.78,1.59,80.63,40.69,15.65,0.64,0.49,12.4,4.99,0,1,0,0
Portugal,PRT,2016,19662.82,2.0,79.52,40.36,15.73,3.56,0.61,11.06,4.89,0,1,0,0
Portugal,PRT,2017,20364.2,3.31,84.81,42.94,17.09,5.02,1.37,8.88,5.35,0,1,1,0
Portugal,PRT,2018,20997.77,2.95,86.74,43.68,17.83,3.47,0.99,6.97,4.97,0,1,1,0
Portugal,PRT,2019,21569.19,2.75,86.77,43.65,18.43,4.5,0.34,6.42,4.51,0,1,1,0
Portugal,PRT,2020,19778.71,-8.2,76.51,37.26,19.5,1.81,-0.01,6.85,3.95,0,1,1,1
Portugal,PRT,2021,20747.7,5.56,85.87,41.55,20.5,3.61,1.27,6.71,3.76,0,1,1,1
Portugal,PRT,2022,22042.87,6.99,101.36,49.48,20.57,5.08,7.83,6.14,3.8,0,1,1,0
Portugal,PRT,2023,22417.16,3.1,93.14,47.16,20.49,3.96,4.31,6.5,3.54,0,1,1,0
Portugal,PRT,2024,22663.99,2.21,89.66,45.82,20.43,4.3,2.42,6.5,3.32,0,1,1,0
Sweden,SWE,2005,46189.68,2.79,84.17,45.33,21.51,5.31,0.45,7.81,6.04,0,1,0,0
Sweden,SWE,2006,48078.35,4.68,88.33,47.6,22.56,5.22,1.36,7.07,6.07,0,1,0,0
Sweden,SWE,2007,49262.15,3.22,89.55,47.72,23.51,9.42,2.21,6.16,5.78,0,1,0,0
Sweden,SWE,2008,48428.66,-0.92,92.81,49.01,24.0,8.05,3.44,6.24,5.61,0,1,0,0
Sweden,SWE,2009,45974.39,-4.26,81.96,43.46,22.07,2.06,-0.49,8.35,5.05,0,1,0,0
Sweden,SWE,2010,48205.55,5.75,85.09,44.88,22.05,0.13,1.16,8.61,5.64,0,1,0,0
Sweden,SWE,2011,49356.59,3.16,86.39,45.41,22.41,1.22,2.96,7.8,5.13,0,1,0,0
Sweden,SWE,2012,48789.79,-0.41,85.3,44.83,22.26,0.78,0.89,7.98,4.8,0,1,0,0
Sweden,SWE,2013,48928.5,1.14,81.64,42.74,21.97,0.25,-0.04,8.05,4.58,0,1,0,0
Sweden,SWE,2014,49557.62,2.3,83.82,43.46,22.69,-1.05,-0.18,7.95,4.41,0,1,0,0
Sweden,SWE,2015,51188.17,4.39,84.17,43.71,23.24,1.95,-0.05,7.43,4.38,0,1,0,0
Sweden,SWE,2016,51626.32,2.13,83.45,42.94,23.87,3.02,0.98,6.99,4.28,0,1,0,0
Sweden,SWE,2017,51894.37,1.88,86.07,43.92,24.58,4.54,1.79,6.72,4.16,0,1,1,0
Sweden,SWE,2018,52203.09,1.77,90.41,45.94,24.61,-0.13,1.95,6.36,3.9,0,1,1,0
Sweden,SWE,2019,53024.41,2.61,92.75,48.29,23.84,2.96,1.78,6.83,3.84,0,1,1,0
Sweden,SWE,2020,51624.58,-1.93,84.47,44.29,24.53,3.36,0.5,8.29,3.67,0,1,1,1
Sweden,SWE,2021,53997.13,5.23,91.11,47.48,25.12,9.18,2.16,8.8,3.89,0,1,1,1
Sweden,SWE,2022,54304.19,1.26,107.11,54.31,25.59,9.35,8.37,7.42,3.6,0,1,1,0
Sweden,SWE,2023,53937.8,-0.2,107.62,55.2,25.41,3.23,8.55,7.61,3.48,0,1,1,0
Sweden,SWE,2024,54316.26,1.02,105.97,54.5,25.1,5.08,2.84,8.4,3.57,0,1,1,0
United States,USA,2005,52649.57,3.48,25.64,9.98,22.93,1.09,3.39,5.08,19.92,0,0,0,0
United States,USA,2006,53596.32,2.78,26.98,10.64,23.04,2.16,3.23,4.62,19.4,0,0,0,0
United States,USA,2007,54152.83,2.0,28.01,11.46,22.32,2.39,2.85,4.62,19.5,0,0,0,0
United States,USA,2008,53703.96,0.11,29.87,12.43,21.24,2.31,3.84,5.78,18.71,0,0,0,0
United States,USA,2009,51863.62,-2.58,24.76,10.93,18.81,1.11,-0.36,9.25,17.19,0,0,0,0
United States,USA,2010,52812.68,2.7,28.22,12.34,18.31,1.75,1.64,9.63,17.85,0,0,0,0
United States,USA,2011,53215.54,1.56,30.84,13.56,18.74,1.69,3.16,8.95,17.02,0,0,0,0
United States,USA,2012,54000.84,2.29,30.68,13.64,19.51,1.54,2.07,8.07,16.19,0,0,0,0
United States,USA,2013,54728.86,2.12,29.94,13.55,19.75,1.71,1.46,7.38,16.5,0,0,0,0
United States,USA,2014,55665.24,2.52,29.91,13.51,20.42,1.43,1.62,6.17,16.42,0,0,0,0
United States,USA,2015,56849.47,2.95,27.69,12.41,20.65,2.8,0.12,5.28,15.95,0,0,0,0
United States,USA,2016,57430.85,1.82,26.45,11.89,20.68,2.52,1.26,4.87,15.5,0,0,0,0
United States,USA,2017,58435.97,2.46,27.13,12.18,20.99,1.94,2.13,4.36,15.18,0,0,1,0
United States,USA,2018,59817.66,2.97,27.45,12.29,21.3,1.04,2.44,3.9,15.58,0,0,1,0
United States,USA,2019,61047.96,2.58,26.26,11.79,21.33,1.47,1.81,3.67,15.04,0,0,1,0
United States,USA,2020,59533.61,-2.08,23.14,10.12,21.58,0.64,1.23,8.06,13.47,0,0,1,1
United States,USA,2021,63096.79,6.15,25.23,10.83,21.29,2.01,4.7,5.35,14.32,0,0,1,1
United States,USA,2022,64322.23,2.52,26.91,11.65,21.33,1.6,8.0,3.65,14.42,0,0,1,0
United States,USA,2023,65667.28,2.93,24.93,11.05,21.38,1.3,4.12,3.64,13.71,0,0,1,0
United States,USA,2024,66856.51,2.79,25.02,10.97,21.35,1.01,2.95,4.02,13.62,0,0,1,0
