country,iso3,quarter,gdp_index,uk,eu_member,post_referendum,covid_period,post_transition
Australia,AUS,2010-Q1,84.27,0,0,0,0,0
Australia,AUS,2010-Q2,84.81,0,0,0,0,0
Australia,AUS,2010-Q3,85.38,0,0,0,0,0
Australia,AUS,2010-Q4,86.09,0,0,0,0,0
Australia,AUS,2011-Q1,85.86,0,0,0,0,0
Australia,AUS,2011-Q2,86.91,0,0,0,0,0
Australia,AUS,2011-Q3,88.09,0,0,0,0,0
Australia,AUS,2011-Q4,89.07,0,0,0,0,0
Australia,AUS,2012-Q1,90.02,0,0,0,0,0
Australia,AUS,2012-Q2,90.67,0,0,0,0,0
Australia,AUS,2012-Q3,91.2,0,0,0,0,0
Australia,AUS,2012-Q4,91.6,0,0,0,0,0
Australia,AUS,2013-Q1,92.1,0,0,0,0,0
Australia,AUS,2013-Q2,92.44,0,0,0,0,0
Australia,AUS,2013-Q3,93.19,0,0,0,0,0
Australia,AUS,2013-Q4,93.92,0,0,0,0,0
Australia,AUS,2014-Q1,94.67,0,0,0,0,0
Australia,AUS,2014-Q2,95.12,0,0,0,0,0
Australia,AUS,2014-Q3,95.51,0,0,0,0,0
Australia,AUS,2014-Q4,95.86,0,0,0,0,0
Australia,AUS,2015-Q1,96.8,0,0,0,0,0
Australia,AUS,2015-Q2,96.89,0,0,0,0,0
Australia,AUS,2015-Q3,97.85,0,0,0,0,0
Australia,AUS,2015-Q4,98.45,0,0,0,0,0
Australia,AUS,2016-Q1,99.36,0,0,0,0,0
Australia,AUS,2016-Q2,100.0,0,0,0,0,0
Australia,AUS,2016-Q3,100.01,0,0,1,0,0
Australia,AUS,2016-Q4,101.16,0,0,1,0,0
Australia,AUS,2017-Q1,101.5,0,0,1,0,0
Australia,AUS,2017-Q2,102.08,0,0,1,0,0
Australia,AUS,2017-Q3,103.06,0,0,1,0,0
Australia,AUS,2017-Q4,103.46,0,0,1,0,0
Australia,AUS,2018-Q1,104.56,0,0,1,0,0
Australia,AUS,2018-Q2,105.3,0,0,1,0,0
Australia,AUS,2018-Q3,105.7,0,0,1,0,0
Australia,AUS,2018-Q4,105.95,0,0,1,0,0
Australia,AUS,2019-Q1,106.79,0,0,1,0,0
Australia,AUS,2019-Q2,107.06,0,0,1,0,0
Australia,AUS,2019-Q3,107.68,0,0,1,0,0
Australia,AUS,2019-Q4,108.31,0,0,1,0,0
Australia,AUS,2020-Q1,108.14,0,0,1,1,0
Australia,AUS,2020-Q2,100.8,0,0,1,1,0
Australia,AUS,2020-Q3,104.27,0,0,1,1,0
Australia,AUS,2020-Q4,107.84,0,0,1,1,0
Australia,AUS,2021-Q1,110.27,0,0,1,1,1
Australia,AUS,2021-Q2,111.09,0,0,1,1,1
Australia,AUS,2021-Q3,109.14,0,0,1,1,1
Australia,AUS,2021-Q4,113.15,0,0,1,1,1
Australia,AUS,2022-Q1,114.29,0,0,1,0,1
Australia,AUS,2022-Q2,115.32,0,0,1,0,1
Australia,AUS,2022-Q3,115.85,0,0,1,0,1
Australia,AUS,2022-Q4,116.84,0,0,1,0,1
Australia,AUS,2023-Q1,117.5,0,0,1,0,1
Australia,AUS,2023-Q2,117.91,0,0,1,0,1
Australia,AUS,2023-Q3,118.35,0,0,1,0,1
Australia,AUS,2023-Q4,118.39,0,0,1,0,1
Australia,AUS,2024-Q1,118.8,0,0,1,0,1
Australia,AUS,2024-Q2,119.0,0,0,1,0,1
Australia,AUS,2024-Q3,119.32,0,0,1,0,1
Australia,AUS,2024-Q4,119.85,0,0,1,0,1
Australia,AUS,2025-Q1,120.32,0,0,1,0,1
Australia,AUS,2025-Q2,121.26,0,0,1,0,1
Australia,AUS,2025-Q3,121.87,0,0,1,0,1
Australia,AUS,2025-Q4,122.98,0,0,1,0,1
Australia,AUS,2026-Q1,123.33,0,0,1,0,1
Australia,AUS,2026-Q2,123.85,0,0,1,0,1
Austria,AUT,2010-Q1,91.34,0,1,0,0,0
Austria,AUT,2010-Q2,92.55,0,1,0,0,0
Austria,AUT,2010-Q3,93.64,0,1,0,0,0
Austria,AUT,2010-Q4,94.55,0,1,0,0,0
Austria,AUT,2011-Q1,95.5,0,1,0,0,0
Austria,AUT,2011-Q2,95.46,0,1,0,0,0
Austria,AUT,2011-Q3,95.99,0,1,0,0,0
Austria,AUT,2011-Q4,96.39,0,1,0,0,0
Austria,AUT,2012-Q1,96.8,0,1,0,0,0
Austria,AUT,2012-Q2,96.47,0,1,0,0,0
Austria,AUT,2012-Q3,96.79,0,1,0,0,0
Austria,AUT,2012-Q4,96.12,0,1,0,0,0
Austria,AUT,2013-Q1,95.74,0,1,0,0,0
Austria,AUT,2013-Q2,96.18,0,1,0,0,0
Austria,AUT,2013-Q3,96.45,0,1,0,0,0
Austria,AUT,2013-Q4,96.54,0,1,0,0,0
Austria,AUT,2014-Q1,96.53,0,1,0,0,0
Austria,AUT,2014-Q2,97.02,0,1,0,0,0
Austria,AUT,2014-Q3,97.18,0,1,0,0,0
Austria,AUT,2014-Q4,97.58,0,1,0,0,0
Austria,AUT,2015-Q1,97.6,0,1,0,0,0
Austria,AUT,2015-Q2,98.16,0,1,0,0,0
Austria,AUT,2015-Q3,98.53,0,1,0,0,0
Austria,AUT,2015-Q4,98.92,0,1,0,0,0
Austria,AUT,2016-Q1,100.05,0,1,0,0,0
Austria,AUT,2016-Q2,100.0,0,1,0,0,0
Austria,AUT,2016-Q3,100.55,0,1,1,0,0
Austria,AUT,2016-Q4,101.16,0,1,1,0,0
Austria,AUT,2017-Q1,102.15,0,1,1,0,0
Austria,AUT,2017-Q2,102.48,0,1,1,0,0
Austria,AUT,2017-Q3,103.13,0,1,1,0,0
Austria,AUT,2017-Q4,103.62,0,1,1,0,0
Austria,AUT,2018-Q1,104.21,0,1,1,0,0
Austria,AUT,2018-Q2,105.05,0,1,1,0,0
Austria,AUT,2018-Q3,105.48,0,1,1,0,0
Austria,AUT,2018-Q4,106.48,0,1,1,0,0
Austria,AUT,2019-Q1,107.69,0,1,1,0,0
Austria,AUT,2019-Q2,107.02,0,1,1,0,0
Austria,AUT,2019-Q3,107.18,0,1,1,0,0
Austria,AUT,2019-Q4,106.49,0,1,1,0,0
Austria,AUT,2020-Q1,105.32,0,1,1,1,0
Austria,AUT,2020-Q2,92.04,0,1,1,1,0
Austria,AUT,2020-Q3,102.61,0,1,1,1,0
Austria,AUT,2020-Q4,101.09,0,1,1,1,0
Austria,AUT,2021-Q1,100.12,0,1,1,1,1
Austria,AUT,2021-Q2,104.73,0,1,1,1,1
Austria,AUT,2021-Q3,108.0,0,1,1,1,1
Austria,AUT,2021-Q4,108.29,0,1,1,1,1
Austria,AUT,2022-Q1,108.65,0,1,1,0,1
Austria,AUT,2022-Q2,111.81,0,1,1,0,1
Austria,AUT,2022-Q3,111.79,0,1,1,0,1
Austria,AUT,2022-Q4,111.77,0,1,1,0,1
Austria,AUT,2023-Q1,111.68,0,1,1,0,1
Austria,AUT,2023-Q2,110.33,0,1,1,0,1
Austria,AUT,2023-Q3,109.76,0,1,1,0,1
Austria,AUT,2023-Q4,109.25,0,1,1,0,1
Austria,AUT,2024-Q1,109.38,0,1,1,0,1
Austria,AUT,2024-Q2,109.24,0,1,1,0,1
Austria,AUT,2024-Q3,109.13,0,1,1,0,1
Austria,AUT,2024-Q4,109.61,0,1,1,0,1
Austria,AUT,2025-Q1,110.03,0,1,1,0,1
Austria,AUT,2025-Q2,110.23,0,1,1,0,1
Austria,AUT,2025-Q3,110.53,0,1,1,0,1
Austria,AUT,2025-Q4,110.76,0,1,1,0,1
Austria,AUT,2026-Q1,110.88,0,1,1,0,1
Austria,AUT,2026-Q2,110.72,0,1,1,0,1
Belgium,BEL,2010-Q1,92.48,0,1,0,0,0
Belgium,BEL,2010-Q2,93.32,0,1,0,0,0
Belgium,BEL,2010-Q3,93.69,0,1,0,0,0
Belgium,BEL,2010-Q4,94.23,0,1,0,0,0
Belgium,BEL,2011-Q1,94.88,0,1,0,0,0
Belgium,BEL,2011-Q2,95.12,0,1,0,0,0
Belgium,BEL,2011-Q3,95.39,0,1,0,0,0
Belgium,BEL,2011-Q4,95.55,0,1,0,0,0
Belgium,BEL,2012-Q1,95.54,0,1,0,0,0
Belgium,BEL,2012-Q2,95.33,0,1,0,0,0
Belgium,BEL,2012-Q3,95.5,0,1,0,0,0
Belgium,BEL,2012-Q4,95.38,0,1,0,0,0
Belgium,BEL,2013-Q1,95.01,0,1,0,0,0
Belgium,BEL,2013-Q2,95.63,0,1,0,0,0
Belgium,BEL,2013-Q3,96.01,0,1,0,0,0
Belgium,BEL,2013-Q4,96.27,0,1,0,0,0
Belgium,BEL,2014-Q1,96.83,0,1,0,0,0
Belgium,BEL,2014-Q2,97.05,0,1,0,0,0
Belgium,BEL,2014-Q3,97.7,0,1,0,0,0
Belgium,BEL,2014-Q4,98.1,0,1,0,0,0
Belgium,BEL,2015-Q1,98.36,0,1,0,0,0
Belgium,BEL,2015-Q2,98.82,0,1,0,0,0
Belgium,BEL,2015-Q3,98.95,0,1,0,0,0
Belgium,BEL,2015-Q4,99.3,0,1,0,0,0
Belgium,BEL,2016-Q1,99.41,0,1,0,0,0
Belgium,BEL,2016-Q2,100.0,0,1,0,0,0
Belgium,BEL,2016-Q3,100.18,0,1,1,0,0
Belgium,BEL,2016-Q4,100.55,0,1,1,0,0
Belgium,BEL,2017-Q1,101.17,0,1,1,0,0
Belgium,BEL,2017-Q2,101.4,0,1,1,0,0
Belgium,BEL,2017-Q3,101.34,0,1,1,0,0
Belgium,BEL,2017-Q4,102.14,0,1,1,0,0
Belgium,BEL,2018-Q1,102.57,0,1,1,0,0
Belgium,BEL,2018-Q2,103.09,0,1,1,0,0
Belgium,BEL,2018-Q3,103.53,0,1,1,0,0
Belgium,BEL,2018-Q4,104.49,0,1,1,0,0
Belgium,BEL,2019-Q1,104.91,0,1,1,0,0
Belgium,BEL,2019-Q2,105.54,0,1,1,0,0
Belgium,BEL,2019-Q3,106.37,0,1,1,0,0
Belgium,BEL,2019-Q4,106.96,0,1,1,0,0
Belgium,BEL,2020-Q1,104.17,0,1,1,1,0
Belgium,BEL,2020-Q2,92.81,0,1,1,1,0
Belgium,BEL,2020-Q3,103.47,0,1,1,1,0
Belgium,BEL,2020-Q4,103.0,0,1,1,1,0
Belgium,BEL,2021-Q1,104.68,0,1,1,1,1
Belgium,BEL,2021-Q2,106.28,0,1,1,1,1
Belgium,BEL,2021-Q3,108.37,0,1,1,1,1
Belgium,BEL,2021-Q4,109.37,0,1,1,1,1
Belgium,BEL,2022-Q1,110.06,0,1,1,0,1
Belgium,BEL,2022-Q2,111.3,0,1,1,0,1
Belgium,BEL,2022-Q3,112.11,0,1,1,0,1
Belgium,BEL,2022-Q4,112.47,0,1,1,0,1
Belgium,BEL,2023-Q1,112.78,0,1,1,0,1
Belgium,BEL,2023-Q2,113.12,0,1,1,0,1
Belgium,BEL,2023-Q3,113.32,0,1,1,0,1
Belgium,BEL,2023-Q4,113.7,0,1,1,0,1
Belgium,BEL,2024-Q1,114.14,0,1,1,0,1
Belgium,BEL,2024-Q2,114.36,0,1,1,0,1
Belgium,BEL,2024-Q3,114.61,0,1,1,0,1
Belgium,BEL,2024-Q4,114.78,0,1,1,0,1
Belgium,BEL,2025-Q1,115.23,0,1,1,0,1
Belgium,BEL,2025-Q2,115.52,0,1,1,0,1
Belgium,BEL,2025-Q3,115.79,0,1,1,0,1
Belgium,BEL,2025-Q4,115.85,0,1,1,0,1
Belgium,BEL,2026-Q1,116.11,0,1,1,0,1
Belgium,BEL,2026-Q2,116.14,0,1,1,0,1
Canada,CAN,2010-Q1,88.8,0,0,0,0,0
Canada,CAN,2010-Q2,89.26,0,0,0,0,0
Canada,CAN,2010-Q3,89.89,0,0,0,0,0
Canada,CAN,2010-Q4,90.89,0,0,0,0,0
Canada,CAN,2011-Q1,91.59,0,0,0,0,0
Canada,CAN,2011-Q2,91.75,0,0,0,0,0
Canada,CAN,2011-Q3,93.01,0,0,0,0,0
Canada,CAN,2011-Q4,93.75,0,0,0,0,0
Canada,CAN,2012-Q1,93.81,0,0,0,0,0
Canada,CAN,2012-Q2,94.11,0,0,0,0,0
Canada,CAN,2012-Q3,94.24,0,0,0,0,0
Canada,CAN,2012-Q4,94.43,0,0,0,0,0
Canada,CAN,2013-Q1,95.28,0,0,0,0,0
Canada,CAN,2013-Q2,95.83,0,0,0,0,0
Canada,CAN,2013-Q3,96.62,0,0,0,0,0
Canada,CAN,2013-Q4,97.63,0,0,0,0,0
Canada,CAN,2014-Q1,97.79,0,0,0,0,0
Canada,CAN,2014-Q2,98.68,0,0,0,0,0
Canada,CAN,2014-Q3,99.63,0,0,0,0,0
Canada,CAN,2014-Q4,100.32,0,0,0,0,0
Canada,CAN,2015-Q1,99.76,0,0,0,0,0
Canada,CAN,2015-Q2,99.49,0,0,0,0,0
Canada,CAN,2015-Q3,99.84,0,0,0,0,0
Canada,CAN,2015-Q4,99.91,0,0,0,0,0
Canada,CAN,2016-Q1,100.5,0,0,0,0,0
Canada,CAN,2016-Q2,100.0,0,0,0,0,0
Canada,CAN,2016-Q3,101.04,0,0,1,0,0
Canada,CAN,2016-Q4,101.6,0,0,1,0,0
Canada,CAN,2017-Q1,102.88,0,0,1,0,0
Canada,CAN,2017-Q2,103.97,0,0,1,0,0
Canada,CAN,2017-Q3,104.0,0,0,1,0,0
Canada,CAN,2017-Q4,104.53,0,0,1,0,0
Canada,CAN,2018-Q1,105.74,0,0,1,0,0
Canada,CAN,2018-Q2,106.57,0,0,1,0,0
Canada,CAN,2018-Q3,107.1,0,0,1,0,0
Canada,CAN,2018-Q4,107.36,0,0,1,0,0
Canada,CAN,2019-Q1,107.61,0,0,1,0,0
Canada,CAN,2019-Q2,108.79,0,0,1,0,0
Canada,CAN,2019-Q3,109.1,0,0,1,0,0
Canada,CAN,2019-Q4,109.41,0,0,1,0,0
Canada,CAN,2020-Q1,107.27,0,0,1,1,0
Canada,CAN,2020-Q2,95.47,0,0,1,1,0
Canada,CAN,2020-Q3,104.15,0,0,1,1,0
Canada,CAN,2020-Q4,106.1,0,0,1,1,0
Canada,CAN,2021-Q1,107.91,0,0,1,1,1
Canada,CAN,2021-Q2,107.78,0,0,1,1,1
Canada,CAN,2021-Q3,109.96,0,0,1,1,1
Canada,CAN,2021-Q4,111.92,0,0,1,1,1
Canada,CAN,2022-Q1,113.08,0,0,1,0,1
Canada,CAN,2022-Q2,114.37,0,0,1,0,1
Canada,CAN,2022-Q3,115.3,0,0,1,0,1
Canada,CAN,2022-Q4,115.37,0,0,1,0,1
Canada,CAN,2023-Q1,116.58,0,0,1,0,1
Canada,CAN,2023-Q2,116.77,0,0,1,0,1
Canada,CAN,2023-Q3,116.83,0,0,1,0,1
Canada,CAN,2023-Q4,116.89,0,0,1,0,1
Canada,CAN,2024-Q1,117.74,0,0,1,0,1
Canada,CAN,2024-Q2,118.7,0,0,1,0,1
Canada,CAN,2024-Q3,119.67,0,0,1,0,1
Canada,CAN,2024-Q4,120.51,0,0,1,0,1
Canada,CAN,2025-Q1,121.37,0,0,1,0,1
Canada,CAN,2025-Q2,121.08,0,0,1,0,1
Canada,CAN,2025-Q3,121.65,0,0,1,0,1
Canada,CAN,2025-Q4,121.35,0,0,1,0,1
Canada,CAN,2026-Q1,121.45,0,0,1,0,1
Canada,CAN,2026-Q2,122.45,0,0,1,0,1
Switzerland,CHE,2010-Q1,89.4,0,0,0,0,0
Switzerland,CHE,2010-Q2,90.08,0,0,0,0,0
Switzerland,CHE,2010-Q3,90.5,0,0,0,0,0
Switzerland,CHE,2010-Q4,91.17,0,0,0,0,0
Switzerland,CHE,2011-Q1,91.26,0,0,0,0,0
Switzerland,CHE,2011-Q2,91.95,0,0,0,0,0
Switzerland,CHE,2011-Q3,91.47,0,0,0,0,0
Switzerland,CHE,2011-Q4,91.75,0,0,0,0,0
Switzerland,CHE,2012-Q1,92.11,0,0,0,0,0
Switzerland,CHE,2012-Q2,92.36,0,0,0,0,0
Switzerland,CHE,2012-Q3,93.09,0,0,0,0,0
Switzerland,CHE,2012-Q4,93.19,0,0,0,0,0
Switzerland,CHE,2013-Q1,93.55,0,0,0,0,0
Switzerland,CHE,2013-Q2,94.16,0,0,0,0,0
Switzerland,CHE,2013-Q3,94.88,0,0,0,0,0
Switzerland,CHE,2013-Q4,95.05,0,0,0,0,0
Switzerland,CHE,2014-Q1,95.7,0,0,0,0,0
Switzerland,CHE,2014-Q2,96.57,0,0,0,0,0
Switzerland,CHE,2014-Q3,97.15,0,0,0,0,0
Switzerland,CHE,2014-Q4,97.77,0,0,0,0,0
Switzerland,CHE,2015-Q1,97.48,0,0,0,0,0
Switzerland,CHE,2015-Q2,97.68,0,0,0,0,0
Switzerland,CHE,2015-Q3,98.39,0,0,0,0,0
Switzerland,CHE,2015-Q4,99.05,0,0,0,0,0
Switzerland,CHE,2016-Q1,99.59,0,0,0,0,0
Switzerland,CHE,2016-Q2,100.0,0,0,0,0,0
Switzerland,CHE,2016-Q3,100.39,0,0,1,0,0
Switzerland,CHE,2016-Q4,100.14,0,0,1,0,0
Switzerland,CHE,2017-Q1,100.22,0,0,1,0,0
Switzerland,CHE,2017-Q2,101.05,0,0,1,0,0
Switzerland,CHE,2017-Q3,101.85,0,0,1,0,0
Switzerland,CHE,2017-Q4,102.87,0,0,1,0,0
Switzerland,CHE,2018-Q1,104.18,0,0,1,0,0
Switzerland,CHE,2018-Q2,105.27,0,0,1,0,0
Switzerland,CHE,2018-Q3,104.86,0,0,1,0,0
Switzerland,CHE,2018-Q4,105.22,0,0,1,0,0
Switzerland,CHE,2019-Q1,105.3,0,0,1,0,0
Switzerland,CHE,2019-Q2,105.99,0,0,1,0,0
Switzerland,CHE,2019-Q3,106.37,0,0,1,0,0
Switzerland,CHE,2019-Q4,106.56,0,0,1,0,0
Switzerland,CHE,2020-Q1,105.32,0,0,1,1,0
Switzerland,CHE,2020-Q2,98.64,0,0,1,1,0
Switzerland,CHE,2020-Q3,104.7,0,0,1,1,0
Switzerland,CHE,2020-Q4,105.67,0,0,1,1,0
Switzerland,CHE,2021-Q1,106.4,0,0,1,1,1
Switzerland,CHE,2021-Q2,109.27,0,0,1,1,1
Switzerland,CHE,2021-Q3,111.64,0,0,1,1,1
Switzerland,CHE,2021-Q4,112.52,0,0,1,1,1
Switzerland,CHE,2022-Q1,112.8,0,0,1,0,1
Switzerland,CHE,2022-Q2,113.74,0,0,1,0,1
Switzerland,CHE,2022-Q3,114.41,0,0,1,0,1
Switzerland,CHE,2022-Q4,114.62,0,0,1,0,1
Switzerland,CHE,2023-Q1,115.03,0,0,1,0,1
Switzerland,CHE,2023-Q2,114.64,0,0,1,0,1
Switzerland,CHE,2023-Q3,115.03,0,0,1,0,1
Switzerland,CHE,2023-Q4,115.67,0,0,1,0,1
Switzerland,CHE,2024-Q1,115.65,0,0,1,0,1
Switzerland,CHE,2024-Q2,116.69,0,0,1,0,1
Switzerland,CHE,2024-Q3,117.27,0,0,1,0,1
Switzerland,CHE,2024-Q4,117.72,0,0,1,0,1
Switzerland,CHE,2025-Q1,118.83,0,0,1,0,1
Switzerland,CHE,2025-Q2,118.81,0,0,1,0,1
Switzerland,CHE,2025-Q3,118.31,0,0,1,0,1
Switzerland,CHE,2025-Q4,118.93,0,0,1,0,1
Switzerland,CHE,2026-Q1,119.68,0,0,1,0,1
Switzerland,CHE,2026-Q2,121.93,0,0,1,0,1
Germany,DEU,2010-Q1,87.84,0,1,0,0,0
Germany,DEU,2010-Q2,89.74,0,1,0,0,0
Germany,DEU,2010-Q3,90.62,0,1,0,0,0
Germany,DEU,2010-Q4,91.19,0,1,0,0,0
Germany,DEU,2011-Q1,92.85,0,1,0,0,0
Germany,DEU,2011-Q2,93.13,0,1,0,0,0
Germany,DEU,2011-Q3,93.63,0,1,0,0,0
Germany,DEU,2011-Q4,93.6,0,1,0,0,0
Germany,DEU,2012-Q1,93.86,0,1,0,0,0
Germany,DEU,2012-Q2,93.99,0,1,0,0,0
Germany,DEU,2012-Q3,94.13,0,1,0,0,0
Germany,DEU,2012-Q4,93.86,0,1,0,0,0
Germany,DEU,2013-Q1,93.37,0,1,0,0,0
Germany,DEU,2013-Q2,94.57,0,1,0,0,0
Germany,DEU,2013-Q3,94.95,0,1,0,0,0
Germany,DEU,2013-Q4,95.11,0,1,0,0,0
Germany,DEU,2014-Q1,96.14,0,1,0,0,0
Germany,DEU,2014-Q2,96.2,0,1,0,0,0
Germany,DEU,2014-Q3,96.64,0,1,0,0,0
Germany,DEU,2014-Q4,97.46,0,1,0,0,0
Germany,DEU,2015-Q1,97.25,0,1,0,0,0
Germany,DEU,2015-Q2,97.86,0,1,0,0,0
Germany,DEU,2015-Q3,98.35,0,1,0,0,0
Germany,DEU,2015-Q4,98.86,0,1,0,0,0
Germany,DEU,2016-Q1,99.72,0,1,0,0,0
Germany,DEU,2016-Q2,100.0,0,1,0,0,0
Germany,DEU,2016-Q3,100.41,0,1,1,0,0
Germany,DEU,2016-Q4,100.86,0,1,1,0,0
Germany,DEU,2017-Q1,102.16,0,1,1,0,0
Germany,DEU,2017-Q2,102.93,0,1,1,0,0
Germany,DEU,2017-Q3,103.8,0,1,1,0,0
Germany,DEU,2017-Q4,104.89,0,1,1,0,0
Germany,DEU,2018-Q1,104.36,0,1,1,0,0
Germany,DEU,2018-Q2,105.07,0,1,1,0,0
Germany,DEU,2018-Q3,104.61,0,1,1,0,0
Germany,DEU,2018-Q4,105.02,0,1,1,0,0
Germany,DEU,2019-Q1,105.77,0,1,1,0,0
Germany,DEU,2019-Q2,105.77,0,1,1,0,0
Germany,DEU,2019-Q3,106.35,0,1,1,0,0
Germany,DEU,2019-Q4,105.85,0,1,1,0,0
Germany,DEU,2020-Q1,103.86,0,1,1,1,0
Germany,DEU,2020-Q2,94.58,0,1,1,1,0
Germany,DEU,2020-Q3,102.89,0,1,1,1,0
Germany,DEU,2020-Q4,103.75,0,1,1,1,0
Germany,DEU,2021-Q1,103.26,0,1,1,1,1
Germany,DEU,2021-Q2,105.59,0,1,1,1,1
Germany,DEU,2021-Q3,105.77,0,1,1,1,1
Germany,DEU,2021-Q4,106.27,0,1,1,1,1
Germany,DEU,2022-Q1,107.09,0,1,1,0,1
Germany,DEU,2022-Q2,107.23,0,1,1,0,1
Germany,DEU,2022-Q3,107.57,0,1,1,0,1
Germany,DEU,2022-Q4,107.22,0,1,1,0,1
Germany,DEU,2023-Q1,106.49,0,1,1,0,1
Germany,DEU,2023-Q2,106.38,0,1,1,0,1
Germany,DEU,2023-Q3,106.54,0,1,1,0,1
Germany,DEU,2023-Q4,106.21,0,1,1,0,1
Germany,DEU,2024-Q1,106.44,0,1,1,0,1
Germany,DEU,2024-Q2,106.3,0,1,1,0,1
Germany,DEU,2024-Q3,106.41,0,1,1,0,1
Germany,DEU,2024-Q4,106.64,0,1,1,0,1
Germany,DEU,2025-Q1,106.77,0,1,1,0,1
Germany,DEU,2025-Q2,106.75,0,1,1,0,1
Germany,DEU,2025-Q3,106.72,0,1,1,0,1
Germany,DEU,2025-Q4,107.0,0,1,1,0,1
Germany,DEU,2026-Q1,107.48,0,1,1,0,1
Germany,DEU,2026-Q2,107.83,0,1,1,0,1
Denmark,DNK,2010-Q1,90.79,0,1,0,0,0
Denmark,DNK,2010-Q2,91.19,0,1,0,0,0
Denmark,DNK,2010-Q3,92.44,0,1,0,0,0
Denmark,DNK,2010-Q4,91.93,0,1,0,0,0
Denmark,DNK,2011-Q1,92.55,0,1,0,0,0
Denmark,DNK,2011-Q2,93.43,0,1,0,0,0
Denmark,DNK,2011-Q3,92.23,0,1,0,0,0
Denmark,DNK,2011-Q4,92.94,0,1,0,0,0
Denmark,DNK,2012-Q1,92.71,0,1,0,0,0
Denmark,DNK,2012-Q2,92.69,0,1,0,0,0
Denmark,DNK,2012-Q3,92.86,0,1,0,0,0
Denmark,DNK,2012-Q4,92.87,0,1,0,0,0
Denmark,DNK,2013-Q1,93.54,0,1,0,0,0
Denmark,DNK,2013-Q2,93.72,0,1,0,0,0
Denmark,DNK,2013-Q3,94.51,0,1,0,0,0
Denmark,DNK,2013-Q4,94.53,0,1,0,0,0
Denmark,DNK,2014-Q1,94.54,0,1,0,0,0
Denmark,DNK,2014-Q2,94.62,0,1,0,0,0
Denmark,DNK,2014-Q3,96.01,0,1,0,0,0
Denmark,DNK,2014-Q4,95.94,0,1,0,0,0
Denmark,DNK,2015-Q1,96.66,0,1,0,0,0
Denmark,DNK,2015-Q2,97.3,0,1,0,0,0
Denmark,DNK,2015-Q3,97.45,0,1,0,0,0
Denmark,DNK,2015-Q4,97.72,0,1,0,0,0
Denmark,DNK,2016-Q1,98.92,0,1,0,0,0
Denmark,DNK,2016-Q2,100.0,0,1,0,0,0
Denmark,DNK,2016-Q3,100.82,0,1,1,0,0
Denmark,DNK,2016-Q4,101.35,0,1,1,0,0
Denmark,DNK,2017-Q1,102.33,0,1,1,0,0
Denmark,DNK,2017-Q2,103.56,0,1,1,0,0
Denmark,DNK,2017-Q3,103.33,0,1,1,0,0
Denmark,DNK,2017-Q4,104.12,0,1,1,0,0
Denmark,DNK,2018-Q1,104.96,0,1,1,0,0
Denmark,DNK,2018-Q2,104.93,0,1,1,0,0
Denmark,DNK,2018-Q3,105.49,0,1,1,0,0
Denmark,DNK,2018-Q4,105.65,0,1,1,0,0
Denmark,DNK,2019-Q1,106.07,0,1,1,0,0
Denmark,DNK,2019-Q2,107.03,0,1,1,0,0
Denmark,DNK,2019-Q3,107.38,0,1,1,0,0
Denmark,DNK,2019-Q4,107.76,0,1,1,0,0
Denmark,DNK,2020-Q1,106.86,0,1,1,1,0
Denmark,DNK,2020-Q2,100.53,0,1,1,1,0
Denmark,DNK,2020-Q3,106.59,0,1,1,1,0
Denmark,DNK,2020-Q4,106.63,0,1,1,1,0
Denmark,DNK,2021-Q1,107.19,0,1,1,1,1
Denmark,DNK,2021-Q2,110.89,0,1,1,1,1
Denmark,DNK,2021-Q3,113.08,0,1,1,1,1
Denmark,DNK,2021-Q4,116.79,0,1,1,1,1
Denmark,DNK,2022-Q1,110.61,0,1,1,0,1
Denmark,DNK,2022-Q2,112.61,0,1,1,0,1
Denmark,DNK,2022-Q3,114.13,0,1,1,0,1
Denmark,DNK,2022-Q4,112.6,0,1,1,0,1
Denmark,DNK,2023-Q1,114.53,0,1,1,0,1
Denmark,DNK,2023-Q2,112.84,0,1,1,0,1
Denmark,DNK,2023-Q3,112.71,0,1,1,0,1
Denmark,DNK,2023-Q4,114.94,0,1,1,0,1
Denmark,DNK,2024-Q1,115.55,0,1,1,0,1
Denmark,DNK,2024-Q2,117.74,0,1,1,0,1
Denmark,DNK,2024-Q3,118.64,0,1,1,0,1
Denmark,DNK,2024-Q4,120.66,0,1,1,0,1
Denmark,DNK,2025-Q1,119.14,0,1,1,0,1
Denmark,DNK,2025-Q2,121.22,0,1,1,0,1
Denmark,DNK,2025-Q3,124.05,0,1,1,0,1
Denmark,DNK,2025-Q4,124.5,0,1,1,0,1
Denmark,DNK,2026-Q1,126.41,0,1,1,0,1
Denmark,DNK,2026-Q2,126.76,0,1,1,0,1
Spain,ESP,2010-Q1,97.04,0,1,0,0,0
Spain,ESP,2010-Q2,97.16,0,1,0,0,0
Spain,ESP,2010-Q3,97.09,0,1,0,0,0
Spain,ESP,2010-Q4,97.2,0,1,0,0,0
Spain,ESP,2011-Q1,97.12,0,1,0,0,0
Spain,ESP,2011-Q2,96.87,0,1,0,0,0
Spain,ESP,2011-Q3,96.28,0,1,0,0,0
Spain,ESP,2011-Q4,95.73,0,1,0,0,0
Spain,ESP,2012-Q1,94.83,0,1,0,0,0
Spain,ESP,2012-Q2,93.91,0,1,0,0,0
Spain,ESP,2012-Q3,93.48,0,1,0,0,0
Spain,ESP,2012-Q4,92.71,0,1,0,0,0
Spain,ESP,2013-Q1,92.45,0,1,0,0,0
Spain,ESP,2013-Q2,92.36,0,1,0,0,0
Spain,ESP,2013-Q3,92.3,0,1,0,0,0
Spain,ESP,2013-Q4,92.48,0,1,0,0,0
Spain,ESP,2014-Q1,92.82,0,1,0,0,0
Spain,ESP,2014-Q2,93.33,0,1,0,0,0
Spain,ESP,2014-Q3,94.07,0,1,0,0,0
Spain,ESP,2014-Q4,94.98,0,1,0,0,0
Spain,ESP,2015-Q1,96.14,0,1,0,0,0
Spain,ESP,2015-Q2,97.21,0,1,0,0,0
Spain,ESP,2015-Q3,98.11,0,1,0,0,0
Spain,ESP,2015-Q4,98.98,0,1,0,0,0
Spain,ESP,2016-Q1,99.67,0,1,0,0,0
Spain,ESP,2016-Q2,100.0,0,1,0,0,0
Spain,ESP,2016-Q3,100.79,0,1,1,0,0
Spain,ESP,2016-Q4,101.36,0,1,1,0,0
Spain,ESP,2017-Q1,102.08,0,1,1,0,0
Spain,ESP,2017-Q2,103.15,0,1,1,0,0
Spain,ESP,2017-Q3,103.8,0,1,1,0,0
Spain,ESP,2017-Q4,104.43,0,1,1,0,0
Spain,ESP,2018-Q1,104.88,0,1,1,0,0
Spain,ESP,2018-Q2,105.56,0,1,1,0,0
Spain,ESP,2018-Q3,106.15,0,1,1,0,0
Spain,ESP,2018-Q4,106.77,0,1,1,0,0
Spain,ESP,2019-Q1,107.43,0,1,1,0,0
Spain,ESP,2019-Q2,107.74,0,1,1,0,0
Spain,ESP,2019-Q3,107.94,0,1,1,0,0
Spain,ESP,2019-Q4,108.56,0,1,1,0,0
Spain,ESP,2020-Q1,102.94,0,1,1,1,0
Spain,ESP,2020-Q2,84.63,0,1,1,1,0
Spain,ESP,2020-Q3,98.08,0,1,1,1,0
Spain,ESP,2020-Q4,98.8,0,1,1,1,0
Spain,ESP,2021-Q1,99.98,0,1,1,1,1
Spain,ESP,2021-Q2,101.35,0,1,1,1,1
Spain,ESP,2021-Q3,103.35,0,1,1,1,1
Spain,ESP,2021-Q4,105.45,0,1,1,1,1
Spain,ESP,2022-Q1,107.11,0,1,1,0,1
Spain,ESP,2022-Q2,108.93,0,1,1,0,1
Spain,ESP,2022-Q3,109.82,0,1,1,0,1
Spain,ESP,2022-Q4,110.41,0,1,1,0,1
Spain,ESP,2023-Q1,110.97,0,1,1,0,1
Spain,ESP,2023-Q2,111.13,0,1,1,0,1
Spain,ESP,2023-Q3,112.01,0,1,1,0,1
Spain,ESP,2023-Q4,112.89,0,1,1,0,1
Spain,ESP,2024-Q1,114.15,0,1,1,0,1
Spain,ESP,2024-Q2,115.2,0,1,1,0,1
Spain,ESP,2024-Q3,116.08,0,1,1,0,1
Spain,ESP,2024-Q4,117.02,0,1,1,0,1
Spain,ESP,2025-Q1,117.66,0,1,1,0,1
Spain,ESP,2025-Q2,118.5,0,1,1,0,1
Spain,ESP,2025-Q3,119.21,0,1,1,0,1
Spain,ESP,2025-Q4,120.13,0,1,1,0,1
Spain,ESP,2026-Q1,120.88,0,1,1,0,1
Spain,ESP,2026-Q2,121.71,0,1,1,0,1
Finland,FIN,2010-Q1,96.0,0,1,0,0,0
Finland,FIN,2010-Q2,98.66,0,1,0,0,0
Finland,FIN,2010-Q3,98.22,0,1,0,0,0
Finland,FIN,2010-Q4,100.34,0,1,0,0,0
Finland,FIN,2011-Q1,100.76,0,1,0,0,0
Finland,FIN,2011-Q2,100.52,0,1,0,0,0
Finland,FIN,2011-Q3,100.67,0,1,0,0,0
Finland,FIN,2011-Q4,100.68,0,1,0,0,0
Finland,FIN,2012-Q1,100.08,0,1,0,0,0
Finland,FIN,2012-Q2,99.05,0,1,0,0,0
Finland,FIN,2012-Q3,98.72,0,1,0,0,0
Finland,FIN,2012-Q4,98.65,0,1,0,0,0
Finland,FIN,2013-Q1,97.81,0,1,0,0,0
Finland,FIN,2013-Q2,98.18,0,1,0,0,0
Finland,FIN,2013-Q3,98.43,0,1,0,0,0
Finland,FIN,2013-Q4,98.21,0,1,0,0,0
Finland,FIN,2014-Q1,97.42,0,1,0,0,0
Finland,FIN,2014-Q2,97.61,0,1,0,0,0
Finland,FIN,2014-Q3,97.92,0,1,0,0,0
Finland,FIN,2014-Q4,97.81,0,1,0,0,0
Finland,FIN,2015-Q1,96.99,0,1,0,0,0
Finland,FIN,2015-Q2,98.4,0,1,0,0,0
Finland,FIN,2015-Q3,98.29,0,1,0,0,0
Finland,FIN,2015-Q4,98.89,0,1,0,0,0
Finland,FIN,2016-Q1,100.03,0,1,0,0,0
Finland,FIN,2016-Q2,100.0,0,1,0,0,0
Finland,FIN,2016-Q3,101.1,0,1,1,0,0
Finland,FIN,2016-Q4,101.54,0,1,1,0,0
Finland,FIN,2017-Q1,102.56,0,1,1,0,0
Finland,FIN,2017-Q2,103.85,0,1,1,0,0
Finland,FIN,2017-Q3,104.39,0,1,1,0,0
Finland,FIN,2017-Q4,105.17,0,1,1,0,0
Finland,FIN,2018-Q1,105.45,0,1,1,0,0
Finland,FIN,2018-Q2,105.18,0,1,1,0,0
Finland,FIN,2018-Q3,105.14,0,1,1,0,0
Finland,FIN,2018-Q4,105.17,0,1,1,0,0
Finland,FIN,2019-Q1,106.15,0,1,1,0,0
Finland,FIN,2019-Q2,106.76,0,1,1,0,0
Finland,FIN,2019-Q3,106.95,0,1,1,0,0
Finland,FIN,2019-Q4,106.75,0,1,1,0,0
Finland,FIN,2020-Q1,106.5,0,1,1,1,0
Finland,FIN,2020-Q2,99.48,0,1,1,1,0
Finland,FIN,2020-Q3,104.44,0,1,1,1,0
Finland,FIN,2020-Q4,105.57,0,1,1,1,0
Finland,FIN,2021-Q1,104.78,0,1,1,1,1
Finland,FIN,2021-Q2,106.39,0,1,1,1,1
Finland,FIN,2021-Q3,107.58,0,1,1,1,1
Finland,FIN,2021-Q4,108.39,0,1,1,1,1
Finland,FIN,2022-Q1,107.52,0,1,1,0,1
Finland,FIN,2022-Q2,107.81,0,1,1,0,1
Finland,FIN,2022-Q3,107.66,0,1,1,0,1
Finland,FIN,2022-Q4,106.58,0,1,1,0,1
Finland,FIN,2023-Q1,106.74,0,1,1,0,1
Finland,FIN,2023-Q2,106.92,0,1,1,0,1
Finland,FIN,2023-Q3,105.38,0,1,1,0,1
Finland,FIN,2023-Q4,105.31,0,1,1,0,1
Finland,FIN,2024-Q1,106.51,0,1,1,0,1
Finland,FIN,2024-Q2,106.83,0,1,1,0,1
Finland,FIN,2024-Q3,107.62,0,1,1,0,1
Finland,FIN,2024-Q4,107.6,0,1,1,0,1
Finland,FIN,2025-Q1,107.93,0,1,1,0,1
Finland,FIN,2025-Q2,107.97,0,1,1,0,1
Finland,FIN,2025-Q3,107.92,0,1,1,0,1
Finland,FIN,2025-Q4,108.35,0,1,1,0,1
Finland,FIN,2026-Q1,109.13,0,1,1,0,1
Finland,FIN,2026-Q2,109.47,0,1,1,0,1
France,FRA,2010-Q1,93.37,0,1,0,0,0
France,FRA,2010-Q2,93.83,0,1,0,0,0
France,FRA,2010-Q3,94.46,0,1,0,0,0
France,FRA,2010-Q4,95.0,0,1,0,0,0
France,FRA,2011-Q1,96.26,0,1,0,0,0
France,FRA,2011-Q2,96.26,0,1,0,0,0
France,FRA,2011-Q3,96.58,0,1,0,0,0
France,FRA,2011-Q4,96.91,0,1,0,0,0
France,FRA,2012-Q1,96.88,0,1,0,0,0
France,FRA,2012-Q2,96.48,0,1,0,0,0
France,FRA,2012-Q3,96.79,0,1,0,0,0
France,FRA,2012-Q4,96.74,0,1,0,0,0
France,FRA,2013-Q1,96.93,0,1,0,0,0
France,FRA,2013-Q2,97.79,0,1,0,0,0
France,FRA,2013-Q3,97.58,0,1,0,0,0
France,FRA,2013-Q4,98.18,0,1,0,0,0
France,FRA,2014-Q1,98.17,0,1,0,0,0
France,FRA,2014-Q2,98.4,0,1,0,0,0
France,FRA,2014-Q3,99.05,0,1,0,0,0
France,FRA,2014-Q4,98.76,0,1,0,0,0
France,FRA,2015-Q1,99.33,0,1,0,0,0
France,FRA,2015-Q2,99.37,0,1,0,0,0
France,FRA,2015-Q3,99.67,0,1,0,0,0
France,FRA,2015-Q4,99.95,0,1,0,0,0
France,FRA,2016-Q1,100.26,0,1,0,0,0
France,FRA,2016-Q2,100.0,0,1,0,0,0
France,FRA,2016-Q3,100.18,0,1,1,0,0
France,FRA,2016-Q4,100.82,0,1,1,0,0
France,FRA,2017-Q1,101.49,0,1,1,0,0
France,FRA,2017-Q2,102.24,0,1,1,0,0
France,FRA,2017-Q3,103.01,0,1,1,0,0
France,FRA,2017-Q4,103.63,0,1,1,0,0
France,FRA,2018-Q1,103.57,0,1,1,0,0
France,FRA,2018-Q2,103.8,0,1,1,0,0
France,FRA,2018-Q3,104.37,0,1,1,0,0
France,FRA,2018-Q4,105.12,0,1,1,0,0
France,FRA,2019-Q1,106.12,0,1,1,0,0
France,FRA,2019-Q2,106.65,0,1,1,0,0
France,FRA,2019-Q3,106.7,0,1,1,0,0
France,FRA,2019-Q4,106.16,0,1,1,0,0
France,FRA,2020-Q1,100.85,0,1,1,1,0
France,FRA,2020-Q2,88.53,0,1,1,1,0
France,FRA,2020-Q3,101.94,0,1,1,1,0
France,FRA,2020-Q4,101.93,0,1,1,1,0
France,FRA,2021-Q1,102.39,0,1,1,1,1
France,FRA,2021-Q2,103.63,0,1,1,1,1
France,FRA,2021-Q3,106.7,0,1,1,1,1
France,FRA,2021-Q4,107.24,0,1,1,1,1
France,FRA,2022-Q1,107.23,0,1,1,0,1
France,FRA,2022-Q2,107.65,0,1,1,0,1
France,FRA,2022-Q3,108.2,0,1,1,0,1
France,FRA,2022-Q4,108.63,0,1,1,0,1
France,FRA,2023-Q1,108.79,0,1,1,0,1
France,FRA,2023-Q2,109.8,0,1,1,0,1
France,FRA,2023-Q3,110.21,0,1,1,0,1
France,FRA,2023-Q4,110.76,0,1,1,0,1
France,FRA,2024-Q1,111.03,0,1,1,0,1
France,FRA,2024-Q2,111.28,0,1,1,0,1
France,FRA,2024-Q3,111.76,0,1,1,0,1
France,FRA,2024-Q4,111.75,0,1,1,0,1
France,FRA,2025-Q1,111.94,0,1,1,0,1
France,FRA,2025-Q2,112.2,0,1,1,0,1
France,FRA,2025-Q3,112.68,0,1,1,0,1
France,FRA,2025-Q4,112.97,0,1,1,0,1
France,FRA,2026-Q1,112.77,0,1,1,0,1
France,FRA,2026-Q2,112.81,0,1,1,0,1
United Kingdom,GBR,2010-Q1,88.3,1,0,0,0,0
United Kingdom,GBR,2010-Q2,89.31,1,0,0,0,0
United Kingdom,GBR,2010-Q3,89.83,1,0,0,0,0
United Kingdom,GBR,2010-Q4,89.88,1,0,0,0,0
United Kingdom,GBR,2011-Q1,90.02,1,0,0,0,0
United Kingdom,GBR,2011-Q2,89.98,1,0,0,0,0
United Kingdom,GBR,2011-Q3,90.14,1,0,0,0,0
United Kingdom,GBR,2011-Q4,90.21,1,0,0,0,0
United Kingdom,GBR,2012-Q1,91.06,1,0,0,0,0
United Kingdom,GBR,2012-Q2,91.01,1,0,0,0,0
United Kingdom,GBR,2012-Q3,91.96,1,0,0,0,0
United Kingdom,GBR,2012-Q4,91.82,1,0,0,0,0
United Kingdom,GBR,2013-Q1,92.07,1,0,0,0,0
United Kingdom,GBR,2013-Q2,92.68,1,0,0,0,0
United Kingdom,GBR,2013-Q3,93.39,1,0,0,0,0
United Kingdom,GBR,2013-Q4,94.01,1,0,0,0,0
United Kingdom,GBR,2014-Q1,94.76,1,0,0,0,0
United Kingdom,GBR,2014-Q2,95.65,1,0,0,0,0
United Kingdom,GBR,2014-Q3,96.43,1,0,0,0,0
United Kingdom,GBR,2014-Q4,97.07,1,0,0,0,0
United Kingdom,GBR,2015-Q1,97.36,1,0,0,0,0
United Kingdom,GBR,2015-Q2,97.8,1,0,0,0,0
United Kingdom,GBR,2015-Q3,98.18,1,0,0,0,0
United Kingdom,GBR,2015-Q4,98.77,1,0,0,0,0
United Kingdom,GBR,2016-Q1,99.27,1,0,0,0,0
United Kingdom,GBR,2016-Q2,100.0,1,0,0,0,0
United Kingdom,GBR,2016-Q3,100.44,1,0,1,0,0
United Kingdom,GBR,2016-Q4,101.06,1,0,1,0,0
United Kingdom,GBR,2017-Q1,102.03,1,0,1,0,0
United Kingdom,GBR,2017-Q2,102.9,1,0,1,0,0
United Kingdom,GBR,2017-Q3,103.59,1,0,1,0,0
United Kingdom,GBR,2017-Q4,104.37,1,0,1,0,0
United Kingdom,GBR,2018-Q1,104.45,1,0,1,0,0
United Kingdom,GBR,2018-Q2,104.68,1,0,1,0,0
United Kingdom,GBR,2018-Q3,105.01,1,0,1,0,0
United Kingdom,GBR,2018-Q4,105.15,1,0,1,0,0
United Kingdom,GBR,2019-Q1,105.68,1,0,1,0,0
United Kingdom,GBR,2019-Q2,105.9,1,0,1,0,0
United Kingdom,GBR,2019-Q3,106.49,1,0,1,0,0
United Kingdom,GBR,2019-Q4,106.49,1,0,1,0,0
United Kingdom,GBR,2020-Q1,103.57,1,0,1,1,0
United Kingdom,GBR,2020-Q2,82.95,1,0,1,1,0
United Kingdom,GBR,2020-Q3,97.03,1,0,1,1,0
United Kingdom,GBR,2020-Q4,98.35,1,0,1,1,0
United Kingdom,GBR,2021-Q1,97.3,1,0,1,1,1
United Kingdom,GBR,2021-Q2,104.09,1,0,1,1,1
United Kingdom,GBR,2021-Q3,105.84,1,0,1,1,1
United Kingdom,GBR,2021-Q4,107.3,1,0,1,1,1
United Kingdom,GBR,2022-Q1,108.39,1,0,1,0,1
United Kingdom,GBR,2022-Q2,108.99,1,0,1,0,1
United Kingdom,GBR,2022-Q3,109.1,1,0,1,0,1
United Kingdom,GBR,2022-Q4,109.39,1,0,1,0,1
United Kingdom,GBR,2023-Q1,109.45,1,0,1,0,1
United Kingdom,GBR,2023-Q2,109.5,1,0,1,0,1
United Kingdom,GBR,2023-Q3,109.23,1,0,1,0,1
United Kingdom,GBR,2023-Q4,108.88,1,0,1,0,1
United Kingdom,GBR,2024-Q1,109.67,1,0,1,0,1
United Kingdom,GBR,2024-Q2,110.36,1,0,1,0,1
United Kingdom,GBR,2024-Q3,110.55,1,0,1,0,1
United Kingdom,GBR,2024-Q4,111.03,1,0,1,0,1
United Kingdom,GBR,2025-Q1,111.67,1,0,1,0,1
United Kingdom,GBR,2025-Q2,111.84,1,0,1,0,1
United Kingdom,GBR,2025-Q3,111.93,1,0,1,0,1
United Kingdom,GBR,2025-Q4,111.98,1,0,1,0,1
United Kingdom,GBR,2026-Q1,112.69,1,0,1,0,1
United Kingdom,GBR,2026-Q2,113.16,1,0,1,0,1
Ireland,IRL,2010-Q1,71.83,0,1,0,0,0
Ireland,IRL,2010-Q2,72.64,0,1,0,0,0
Ireland,IRL,2010-Q3,72.63,0,1,0,0,0
Ireland,IRL,2010-Q4,71.86,0,1,0,0,0
Ireland,IRL,2011-Q1,73.66,0,1,0,0,0
Ireland,IRL,2011-Q2,74.47,0,1,0,0,0
Ireland,IRL,2011-Q3,73.08,0,1,0,0,0
Ireland,IRL,2011-Q4,72.36,0,1,0,0,0
Ireland,IRL,2012-Q1,72.43,0,1,0,0,0
Ireland,IRL,2012-Q2,74.83,0,1,0,0,0
Ireland,IRL,2012-Q3,72.59,0,1,0,0,0
Ireland,IRL,2012-Q4,72.15,0,1,0,0,0
Ireland,IRL,2013-Q1,73.0,0,1,0,0,0
Ireland,IRL,2013-Q2,74.33,0,1,0,0,0
Ireland,IRL,2013-Q3,76.63,0,1,0,0,0
Ireland,IRL,2013-Q4,74.72,0,1,0,0,0
Ireland,IRL,2014-Q1,80.04,0,1,0,0,0
Ireland,IRL,2014-Q2,82.05,0,1,0,0,0
Ireland,IRL,2014-Q3,82.64,0,1,0,0,0
Ireland,IRL,2014-Q4,82.23,0,1,0,0,0
Ireland,IRL,2015-Q1,102.48,0,1,0,0,0
Ireland,IRL,2015-Q2,99.87,0,1,0,0,0
Ireland,IRL,2015-Q3,102.36,0,1,0,0,0
Ireland,IRL,2015-Q4,102.51,0,1,0,0,0
Ireland,IRL,2016-Q1,100.84,0,1,0,0,0
Ireland,IRL,2016-Q2,100.0,0,1,0,0,0
Ireland,IRL,2016-Q3,100.2,0,1,1,0,0
Ireland,IRL,2016-Q4,110.99,0,1,1,0,0
Ireland,IRL,2017-Q1,108.54,0,1,1,0,0
Ireland,IRL,2017-Q2,109.45,0,1,1,0,0
Ireland,IRL,2017-Q3,115.97,0,1,1,0,0
Ireland,IRL,2017-Q4,119.7,0,1,1,0,0
Ireland,IRL,2018-Q1,120.9,0,1,1,0,0
Ireland,IRL,2018-Q2,121.24,0,1,1,0,0
Ireland,IRL,2018-Q3,123.02,0,1,1,0,0
Ireland,IRL,2018-Q4,123.55,0,1,1,0,0
Ireland,IRL,2019-Q1,124.88,0,1,1,0,0
Ireland,IRL,2019-Q2,126.67,0,1,1,0,0
Ireland,IRL,2019-Q3,130.07,0,1,1,0,0
Ireland,IRL,2019-Q4,131.23,0,1,1,0,0
Ireland,IRL,2020-Q1,136.48,0,1,1,1,0
Ireland,IRL,2020-Q2,129.04,0,1,1,1,0
Ireland,IRL,2020-Q3,145.54,0,1,1,1,0
Ireland,IRL,2020-Q4,138.92,0,1,1,1,0
Ireland,IRL,2021-Q1,154.4,0,1,1,1,1
Ireland,IRL,2021-Q2,158.59,0,1,1,1,1
Ireland,IRL,2021-Q3,166.07,0,1,1,1,1
Ireland,IRL,2021-Q4,160.72,0,1,1,1,1
Ireland,IRL,2022-Q1,166.06,0,1,1,0,1
Ireland,IRL,2022-Q2,171.6,0,1,1,0,1
Ireland,IRL,2022-Q3,179.22,0,1,1,0,1
Ireland,IRL,2022-Q4,176.1,0,1,1,0,1
Ireland,IRL,2023-Q1,167.38,0,1,1,0,1
Ireland,IRL,2023-Q2,168.63,0,1,1,0,1
Ireland,IRL,2023-Q3,170.64,0,1,1,0,1
Ireland,IRL,2023-Q4,162.37,0,1,1,0,1
Ireland,IRL,2024-Q1,166.1,0,1,1,0,1
Ireland,IRL,2024-Q2,166.27,0,1,1,0,1
Ireland,IRL,2024-Q3,179.08,0,1,1,0,1
Ireland,IRL,2024-Q4,182.24,0,1,1,0,1
Ireland,IRL,2025-Q1,193.75,0,1,1,0,1
Ireland,IRL,2025-Q2,185.71,0,1,1,0,1
Ireland,IRL,2025-Q3,188.29,0,1,1,0,1
Ireland,IRL,2025-Q4,182.05,0,1,1,0,1
Ireland,IRL,2026-Q1,167.84,0,1,1,0,1
Ireland,IRL,2026-Q2,184.93,0,1,1,0,1
Italy,ITA,2010-Q1,101.56,0,1,0,0,0
Italy,ITA,2010-Q2,102.25,0,1,0,0,0
Italy,ITA,2010-Q3,102.52,0,1,0,0,0
Italy,ITA,2010-Q4,103.4,0,1,0,0,0
Italy,ITA,2011-Q1,103.99,0,1,0,0,0
Italy,ITA,2011-Q2,103.74,0,1,0,0,0
Italy,ITA,2011-Q3,103.26,0,1,0,0,0
Italy,ITA,2011-Q4,102.25,0,1,0,0,0
Italy,ITA,2012-Q1,101.19,0,1,0,0,0
Italy,ITA,2012-Q2,100.34,0,1,0,0,0
Italy,ITA,2012-Q3,99.68,0,1,0,0,0
Italy,ITA,2012-Q4,98.91,0,1,0,0,0
Italy,ITA,2013-Q1,98.09,0,1,0,0,0
Italy,ITA,2013-Q2,98.07,0,1,0,0,0
Italy,ITA,2013-Q3,98.4,0,1,0,0,0
Italy,ITA,2013-Q4,98.25,0,1,0,0,0
Italy,ITA,2014-Q1,98.29,0,1,0,0,0
Italy,ITA,2014-Q2,98.32,0,1,0,0,0
Italy,ITA,2014-Q3,98.33,0,1,0,0,0
Italy,ITA,2014-Q4,98.17,0,1,0,0,0
Italy,ITA,2015-Q1,98.56,0,1,0,0,0
Italy,ITA,2015-Q2,98.99,0,1,0,0,0
Italy,ITA,2015-Q3,99.02,0,1,0,0,0
Italy,ITA,2015-Q4,99.47,0,1,0,0,0
Italy,ITA,2016-Q1,99.68,0,1,0,0,0
Italy,ITA,2016-Q2,100.0,0,1,0,0,0
Italy,ITA,2016-Q3,100.68,0,1,1,0,0
Italy,ITA,2016-Q4,101.04,0,1,1,0,0
Italy,ITA,2017-Q1,101.53,0,1,1,0,0
Italy,ITA,2017-Q2,101.97,0,1,1,0,0
Italy,ITA,2017-Q3,102.05,0,1,1,0,0
Italy,ITA,2017-Q4,102.65,0,1,1,0,0
Italy,ITA,2018-Q1,102.5,0,1,1,0,0
Italy,ITA,2018-Q2,102.79,0,1,1,0,0
Italy,ITA,2018-Q3,102.7,0,1,1,0,0
Italy,ITA,2018-Q4,102.98,0,1,1,0,0
Italy,ITA,2019-Q1,103.22,0,1,1,0,0
Italy,ITA,2019-Q2,103.62,0,1,1,0,0
Italy,ITA,2019-Q3,103.06,0,1,1,0,0
Italy,ITA,2019-Q4,102.79,0,1,1,0,0
Italy,ITA,2020-Q1,96.94,0,1,1,1,0
Italy,ITA,2020-Q2,84.83,0,1,1,1,0
Italy,ITA,2020-Q3,96.86,0,1,1,1,0
Italy,ITA,2020-Q4,97.12,0,1,1,1,0
Italy,ITA,2021-Q1,98.73,0,1,1,1,1
Italy,ITA,2021-Q2,101.22,0,1,1,1,1
Italy,ITA,2021-Q3,103.6,0,1,1,1,1
Italy,ITA,2021-Q4,105.28,0,1,1,1,1
Italy,ITA,2022-Q1,106.03,0,1,1,0,1
Italy,ITA,2022-Q2,107.69,0,1,1,0,1
Italy,ITA,2022-Q3,107.85,0,1,1,0,1
Italy,ITA,2022-Q4,107.6,0,1,1,0,1
Italy,ITA,2023-Q1,108.22,0,1,1,0,1
Italy,ITA,2023-Q2,108.24,0,1,1,0,1
Italy,ITA,2023-Q3,108.35,0,1,1,0,1
Italy,ITA,2023-Q4,108.73,0,1,1,0,1
Italy,ITA,2024-Q1,108.82,0,1,1,0,1
Italy,ITA,2024-Q2,109.03,0,1,1,0,1
Italy,ITA,2024-Q3,109.04,0,1,1,0,1
Italy,ITA,2024-Q4,109.19,0,1,1,0,1
Italy,ITA,2025-Q1,109.56,0,1,1,0,1
Italy,ITA,2025-Q2,109.55,0,1,1,0,1
Italy,ITA,2025-Q3,109.75,0,1,1,0,1
Italy,ITA,2025-Q4,110.12,0,1,1,0,1
Italy,ITA,2026-Q1,110.47,0,1,1,0,1
Italy,ITA,2026-Q2,110.66,0,1,1,0,1
Japan,JPN,2010-Q1,92.07,0,0,0,0,0
Japan,JPN,2010-Q2,93.35,0,0,0,0,0
Japan,JPN,2010-Q3,94.96,0,0,0,0,0
Japan,JPN,2010-Q4,94.14,0,0,0,0,0
Japan,JPN,2011-Q1,92.78,0,0,0,0,0
Japan,JPN,2011-Q2,92.19,0,0,0,0,0
Japan,JPN,2011-Q3,94.41,0,0,0,0,0
Japan,JPN,2011-Q4,94.44,0,0,0,0,0
Japan,JPN,2012-Q1,95.86,0,0,0,0,0
Japan,JPN,2012-Q2,94.98,0,0,0,0,0
Japan,JPN,2012-Q3,94.62,0,0,0,0,0
Japan,JPN,2012-Q4,94.56,0,0,0,0,0
Japan,JPN,2013-Q1,95.74,0,0,0,0,0
Japan,JPN,2013-Q2,96.75,0,0,0,0,0
Japan,JPN,2013-Q3,97.68,0,0,0,0,0
Japan,JPN,2013-Q4,97.54,0,0,0,0,0
Japan,JPN,2014-Q1,98.51,0,0,0,0,0
Japan,JPN,2014-Q2,97.14,0,0,0,0,0
Japan,JPN,2014-Q3,97.33,0,0,0,0,0
Japan,JPN,2014-Q4,97.89,0,0,0,0,0
Japan,JPN,2015-Q1,99.42,0,0,0,0,0
Japan,JPN,2015-Q2,99.53,0,0,0,0,0
Japan,JPN,2015-Q3,99.68,0,0,0,0,0
Japan,JPN,2015-Q4,99.48,0,0,0,0,0
Japan,JPN,2016-Q1,100.31,0,0,0,0,0
Japan,JPN,2016-Q2,100.0,0,0,0,0,0
Japan,JPN,2016-Q3,100.23,0,0,1,0,0
Japan,JPN,2016-Q4,100.24,0,0,1,0,0
Japan,JPN,2017-Q1,100.95,0,0,1,0,0
Japan,JPN,2017-Q2,101.29,0,0,1,0,0
Japan,JPN,2017-Q3,102.45,0,0,1,0,0
Japan,JPN,2017-Q4,102.61,0,0,1,0,0
Japan,JPN,2018-Q1,102.43,0,0,1,0,0
Japan,JPN,2018-Q2,103.08,0,0,1,0,0
Japan,JPN,2018-Q3,102.6,0,0,1,0,0
Japan,JPN,2018-Q4,102.67,0,0,1,0,0
Japan,JPN,2019-Q1,102.76,0,0,1,0,0
Japan,JPN,2019-Q2,103.18,0,0,1,0,0
Japan,JPN,2019-Q3,103.27,0,0,1,0,0
Japan,JPN,2019-Q4,100.29,0,0,1,0,0
Japan,JPN,2020-Q1,100.62,0,0,1,1,0
Japan,JPN,2020-Q2,93.37,0,0,1,1,0
Japan,JPN,2020-Q3,98.07,0,0,1,1,0
Japan,JPN,2020-Q4,99.69,0,0,1,1,0
Japan,JPN,2021-Q1,100.87,0,0,1,1,1
Japan,JPN,2021-Q2,101.48,0,0,1,1,1
Japan,JPN,2021-Q3,101.29,0,0,1,1,1
Japan,JPN,2021-Q4,102.49,0,0,1,1,1
Japan,JPN,2022-Q1,102.04,0,0,1,0,1
Japan,JPN,2022-Q2,103.01,0,0,1,0,1
Japan,JPN,2022-Q3,102.73,0,0,1,0,1
Japan,JPN,2022-Q4,103.24,0,0,1,0,1
Japan,JPN,2023-Q1,104.15,0,0,1,0,1
Japan,JPN,2023-Q2,104.21,0,0,1,0,1
Japan,JPN,2023-Q3,102.91,0,0,1,0,1
Japan,JPN,2023-Q4,103.4,0,0,1,0,1
Japan,JPN,2024-Q1,103.3,0,0,1,0,1
Japan,JPN,2024-Q2,103.18,0,0,1,0,1
Japan,JPN,2024-Q3,104.05,0,0,1,0,1
Japan,JPN,2024-Q4,104.46,0,0,1,0,1
Japan,JPN,2025-Q1,104.99,0,0,1,0,1
Japan,JPN,2025-Q2,105.12,0,0,1,0,1
Japan,JPN,2025-Q3,104.72,0,0,1,0,1
Japan,JPN,2025-Q4,105.0,0,0,1,0,1
Japan,JPN,2026-Q1,105.5,0,0,1,0,1
Japan,JPN,2026-Q2,105.88,0,0,1,0,1
Netherlands,NLD,2010-Q1,92.92,0,1,0,0,0
Netherlands,NLD,2010-Q2,93.77,0,1,0,0,0
Netherlands,NLD,2010-Q3,93.85,0,1,0,0,0
Netherlands,NLD,2010-Q4,94.66,0,1,0,0,0
Netherlands,NLD,2011-Q1,95.71,0,1,0,0,0
Netherlands,NLD,2011-Q2,95.65,0,1,0,0,0
Netherlands,NLD,2011-Q3,95.51,0,1,0,0,0
Netherlands,NLD,2011-Q4,95.01,0,1,0,0,0
Netherlands,NLD,2012-Q1,94.92,0,1,0,0,0
Netherlands,NLD,2012-Q2,94.88,0,1,0,0,0
Netherlands,NLD,2012-Q3,94.42,0,1,0,0,0
Netherlands,NLD,2012-Q4,93.9,0,1,0,0,0
Netherlands,NLD,2013-Q1,93.86,0,1,0,0,0
Netherlands,NLD,2013-Q2,94.26,0,1,0,0,0
Netherlands,NLD,2013-Q3,94.74,0,1,0,0,0
Netherlands,NLD,2013-Q4,95.31,0,1,0,0,0
Netherlands,NLD,2014-Q1,95.53,0,1,0,0,0
Netherlands,NLD,2014-Q2,95.84,0,1,0,0,0
Netherlands,NLD,2014-Q3,95.81,0,1,0,0,0
Netherlands,NLD,2014-Q4,97.1,0,1,0,0,0
Netherlands,NLD,2015-Q1,97.48,0,1,0,0,0
Netherlands,NLD,2015-Q2,97.9,0,1,0,0,0
Netherlands,NLD,2015-Q3,98.36,0,1,0,0,0
Netherlands,NLD,2015-Q4,98.59,0,1,0,0,0
Netherlands,NLD,2016-Q1,99.23,0,1,0,0,0
Netherlands,NLD,2016-Q2,100.0,0,1,0,0,0
Netherlands,NLD,2016-Q3,100.89,0,1,1,0,0
Netherlands,NLD,2016-Q4,101.7,0,1,1,0,0
Netherlands,NLD,2017-Q1,102.31,0,1,1,0,0
Netherlands,NLD,2017-Q2,102.83,0,1,1,0,0
Netherlands,NLD,2017-Q3,103.61,0,1,1,0,0
Netherlands,NLD,2017-Q4,104.26,0,1,1,0,0
Netherlands,NLD,2018-Q1,105.01,0,1,1,0,0
Netherlands,NLD,2018-Q2,105.49,0,1,1,0,0
Netherlands,NLD,2018-Q3,105.76,0,1,1,0,0
Netherlands,NLD,2018-Q4,106.05,0,1,1,0,0
Netherlands,NLD,2019-Q1,107.38,0,1,1,0,0
Netherlands,NLD,2019-Q2,107.86,0,1,1,0,0
Netherlands,NLD,2019-Q3,108.35,0,1,1,0,0
Netherlands,NLD,2019-Q4,108.41,0,1,1,0,0
Netherlands,NLD,2020-Q1,107.27,0,1,1,1,0
Netherlands,NLD,2020-Q2,98.33,0,1,1,1,0
Netherlands,NLD,2020-Q3,104.75,0,1,1,1,0
Netherlands,NLD,2020-Q4,105.1,0,1,1,1,0
Netherlands,NLD,2021-Q1,106.19,0,1,1,1,1
Netherlands,NLD,2021-Q2,110.34,0,1,1,1,1
Netherlands,NLD,2021-Q3,112.33,0,1,1,1,1
Netherlands,NLD,2021-Q4,112.39,0,1,1,1,1
Netherlands,NLD,2022-Q1,113.83,0,1,1,0,1
Netherlands,NLD,2022-Q2,116.51,0,1,1,0,1
Netherlands,NLD,2022-Q3,116.6,0,1,1,0,1
Netherlands,NLD,2022-Q4,116.4,0,1,1,0,1
Netherlands,NLD,2023-Q1,115.86,0,1,1,0,1
Netherlands,NLD,2023-Q2,115.35,0,1,1,0,1
Netherlands,NLD,2023-Q3,114.58,0,1,1,0,1
Netherlands,NLD,2023-Q4,114.86,0,1,1,0,1
Netherlands,NLD,2024-Q1,115.22,0,1,1,0,1
Netherlands,NLD,2024-Q2,116.17,0,1,1,0,1
Netherlands,NLD,2024-Q3,116.88,0,1,1,0,1
Netherlands,NLD,2024-Q4,117.28,0,1,1,0,1
Netherlands,NLD,2025-Q1,117.57,0,1,1,0,1
Netherlands,NLD,2025-Q2,117.95,0,1,1,0,1
Netherlands,NLD,2025-Q3,118.43,0,1,1,0,1
Netherlands,NLD,2025-Q4,118.93,0,1,1,0,1
Netherlands,NLD,2026-Q1,119.24,0,1,1,0,1
Netherlands,NLD,2026-Q2,119.72,0,1,1,0,1
Norway,NOR,2010-Q1,91.04,0,0,0,0,0
Norway,NOR,2010-Q2,90.35,0,0,0,0,0
Norway,NOR,2010-Q3,88.73,0,0,0,0,0
Norway,NOR,2010-Q4,90.51,0,0,0,0,0
Norway,NOR,2011-Q1,91.08,0,0,0,0,0
Norway,NOR,2011-Q2,90.81,0,0,0,0,0
Norway,NOR,2011-Q3,91.85,0,0,0,0,0
Norway,NOR,2011-Q4,91.89,0,0,0,0,0
Norway,NOR,2012-Q1,94.22,0,0,0,0,0
Norway,NOR,2012-Q2,94.38,0,0,0,0,0
Norway,NOR,2012-Q3,93.4,0,0,0,0,0
Norway,NOR,2012-Q4,93.95,0,0,0,0,0
Norway,NOR,2013-Q1,94.52,0,0,0,0,0
Norway,NOR,2013-Q2,95.0,0,0,0,0,0
Norway,NOR,2013-Q3,95.67,0,0,0,0,0
Norway,NOR,2013-Q4,95.55,0,0,0,0,0
Norway,NOR,2014-Q1,96.44,0,0,0,0,0
Norway,NOR,2014-Q2,96.95,0,0,0,0,0
Norway,NOR,2014-Q3,97.24,0,0,0,0,0
Norway,NOR,2014-Q4,98.09,0,0,0,0,0
Norway,NOR,2015-Q1,98.63,0,0,0,0,0
Norway,NOR,2015-Q2,99.0,0,0,0,0,0
Norway,NOR,2015-Q3,99.83,0,0,0,0,0
Norway,NOR,2015-Q4,99.2,0,0,0,0,0
Norway,NOR,2016-Q1,99.63,0,0,0,0,0
Norway,NOR,2016-Q2,100.0,0,0,0,0,0
Norway,NOR,2016-Q3,99.27,0,0,1,0,0
Norway,NOR,2016-Q4,101.69,0,0,1,0,0
Norway,NOR,2017-Q1,102.07,0,0,1,0,0
Norway,NOR,2017-Q2,103.57,0,0,1,0,0
Norway,NOR,2017-Q3,104.33,0,0,1,0,0
Norway,NOR,2017-Q4,103.11,0,0,1,0,0
Norway,NOR,2018-Q1,104.01,0,0,1,0,0
Norway,NOR,2018-Q2,104.3,0,0,1,0,0
Norway,NOR,2018-Q3,105.3,0,0,1,0,0
Norway,NOR,2018-Q4,104.64,0,0,1,0,0
Norway,NOR,2019-Q1,105.04,0,0,1,0,0
Norway,NOR,2019-Q2,105.27,0,0,1,0,0
Norway,NOR,2019-Q3,105.59,0,0,1,0,0
Norway,NOR,2019-Q4,108.34,0,0,1,0,0
Norway,NOR,2020-Q1,105.12,0,0,1,1,0
Norway,NOR,2020-Q2,101.75,0,0,1,1,0
Norway,NOR,2020-Q3,105.24,0,0,1,1,0
Norway,NOR,2020-Q4,104.42,0,0,1,1,0
Norway,NOR,2021-Q1,106.05,0,0,1,1,1
Norway,NOR,2021-Q2,106.57,0,0,1,1,1
Norway,NOR,2021-Q3,110.74,0,0,1,1,1
Norway,NOR,2021-Q4,110.78,0,0,1,1,1
Norway,NOR,2022-Q1,110.91,0,0,1,0,1
Norway,NOR,2022-Q2,112.58,0,0,1,0,1
Norway,NOR,2022-Q3,114.5,0,0,1,0,1
Norway,NOR,2022-Q4,113.65,0,0,1,0,1
Norway,NOR,2023-Q1,114.06,0,0,1,0,1
Norway,NOR,2023-Q2,113.31,0,0,1,0,1
Norway,NOR,2023-Q3,112.3,0,0,1,0,1
Norway,NOR,2023-Q4,114.62,0,0,1,0,1
Norway,NOR,2024-Q1,114.85,0,0,1,0,1
Norway,NOR,2024-Q2,116.13,0,0,1,0,1
Norway,NOR,2024-Q3,115.1,0,0,1,0,1
Norway,NOR,2024-Q4,114.76,0,0,1,0,1
Norway,NOR,2025-Q1,115.22,0,0,1,0,1
Norway,NOR,2025-Q2,116.35,0,0,1,0,1
Norway,NOR,2025-Q3,117.7,0,0,1,0,1
Norway,NOR,2025-Q4,117.02,0,0,1,0,1
Norway,NOR,2026-Q1,117.43,0,0,1,0,1
Norway,NOR,2026-Q2,118.22,0,0,1,0,1
New Zealand,NZL,2010-Q1,84.64,0,0,0,0,0
New Zealand,NZL,2010-Q2,85.11,0,0,0,0,0
New Zealand,NZL,2010-Q3,83.92,0,0,0,0,0
New Zealand,NZL,2010-Q4,82.92,0,0,0,0,0
New Zealand,NZL,2011-Q1,84.32,0,0,0,0,0
New Zealand,NZL,2011-Q2,85.03,0,0,0,0,0
New Zealand,NZL,2011-Q3,85.95,0,0,0,0,0
New Zealand,NZL,2011-Q4,86.66,0,0,0,0,0
New Zealand,NZL,2012-Q1,86.83,0,0,0,0,0
New Zealand,NZL,2012-Q2,87.37,0,0,0,0,0
New Zealand,NZL,2012-Q3,87.95,0,0,0,0,0
New Zealand,NZL,2012-Q4,88.92,0,0,0,0,0
New Zealand,NZL,2013-Q1,89.37,0,0,0,0,0
New Zealand,NZL,2013-Q2,88.95,0,0,0,0,0
New Zealand,NZL,2013-Q3,89.79,0,0,0,0,0
New Zealand,NZL,2013-Q4,90.27,0,0,0,0,0
New Zealand,NZL,2014-Q1,91.26,0,0,0,0,0
New Zealand,NZL,2014-Q2,91.64,0,0,0,0,0
New Zealand,NZL,2014-Q3,92.78,0,0,0,0,0
New Zealand,NZL,2014-Q4,94.0,0,0,0,0,0
New Zealand,NZL,2015-Q1,94.64,0,0,0,0,0
New Zealand,NZL,2015-Q2,95.46,0,0,0,0,0
New Zealand,NZL,2015-Q3,96.74,0,0,0,0,0
New Zealand,NZL,2015-Q4,97.78,0,0,0,0,0
New Zealand,NZL,2016-Q1,98.88,0,0,0,0,0
New Zealand,NZL,2016-Q2,100.0,0,0,0,0,0
New Zealand,NZL,2016-Q3,100.78,0,0,1,0,0
New Zealand,NZL,2016-Q4,101.03,0,0,1,0,0
New Zealand,NZL,2017-Q1,102.43,0,0,1,0,0
New Zealand,NZL,2017-Q2,103.53,0,0,1,0,0
New Zealand,NZL,2017-Q3,104.64,0,0,1,0,0
New Zealand,NZL,2017-Q4,105.97,0,0,1,0,0
New Zealand,NZL,2018-Q1,107.21,0,0,1,0,0
New Zealand,NZL,2018-Q2,108.11,0,0,1,0,0
New Zealand,NZL,2018-Q3,108.14,0,0,1,0,0
New Zealand,NZL,2018-Q4,109.87,0,0,1,0,0
New Zealand,NZL,2019-Q1,111.25,0,0,1,0,0
New Zealand,NZL,2019-Q2,111.19,0,0,1,0,0
New Zealand,NZL,2019-Q3,112.18,0,0,1,0,0
New Zealand,NZL,2019-Q4,112.86,0,0,1,0,0
New Zealand,NZL,2020-Q1,112.03,0,0,1,1,0
New Zealand,NZL,2020-Q2,100.97,0,0,1,1,0
New Zealand,NZL,2020-Q3,115.04,0,0,1,1,0
New Zealand,NZL,2020-Q4,115.62,0,0,1,1,0
New Zealand,NZL,2021-Q1,117.97,0,0,1,1,1
New Zealand,NZL,2021-Q2,118.78,0,0,1,1,1
New Zealand,NZL,2021-Q3,113.57,0,0,1,1,1
New Zealand,NZL,2021-Q4,118.28,0,0,1,1,1
New Zealand,NZL,2022-Q1,118.32,0,0,1,0,1
New Zealand,NZL,2022-Q2,119.8,0,0,1,0,1
New Zealand,NZL,2022-Q3,122.7,0,0,1,0,1
New Zealand,NZL,2022-Q4,123.05,0,0,1,0,1
New Zealand,NZL,2023-Q1,122.7,0,0,1,0,1
New Zealand,NZL,2023-Q2,123.81,0,0,1,0,1
New Zealand,NZL,2023-Q3,123.66,0,0,1,0,1
New Zealand,NZL,2023-Q4,124.19,0,0,1,0,1
New Zealand,NZL,2024-Q1,123.97,0,0,1,0,1
New Zealand,NZL,2024-Q2,123.99,0,0,1,0,1
New Zealand,NZL,2024-Q3,122.49,0,0,1,0,1
New Zealand,NZL,2024-Q4,122.73,0,0,1,0,1
New Zealand,NZL,2025-Q1,123.72,0,0,1,0,1
New Zealand,NZL,2025-Q2,123.14,0,0,1,0,1
New Zealand,NZL,2025-Q3,124.64,0,0,1,0,1
New Zealand,NZL,2025-Q4,125.07,0,0,1,0,1
New Zealand,NZL,2026-Q1,126.39,0,0,1,0,1
New Zealand,NZL,2026-Q2,126.84,0,0,1,0,1
Portugal,PRT,2010-Q1,102.99,0,1,0,0,0
Portugal,PRT,2010-Q2,103.34,0,1,0,0,0
Portugal,PRT,2010-Q3,103.72,0,1,0,0,0
Portugal,PRT,2010-Q4,103.25,0,1,0,0,0
Portugal,PRT,2011-Q1,102.79,0,1,0,0,0
Portugal,PRT,2011-Q2,102.07,0,1,0,0,0
Portugal,PRT,2011-Q3,101.36,0,1,0,0,0
Portugal,PRT,2011-Q4,100.01,0,1,0,0,0
Portugal,PRT,2012-Q1,99.47,0,1,0,0,0
Portugal,PRT,2012-Q2,97.97,0,1,0,0,0
Portugal,PRT,2012-Q3,96.96,0,1,0,0,0
Portugal,PRT,2012-Q4,95.37,0,1,0,0,0
Portugal,PRT,2013-Q1,95.71,0,1,0,0,0
Portugal,PRT,2013-Q2,96.53,0,1,0,0,0
Portugal,PRT,2013-Q3,96.25,0,1,0,0,0
Portugal,PRT,2013-Q4,97.45,0,1,0,0,0
Portugal,PRT,2014-Q1,96.75,0,1,0,0,0
Portugal,PRT,2014-Q2,97.02,0,1,0,0,0
Portugal,PRT,2014-Q3,97.12,0,1,0,0,0
Portugal,PRT,2014-Q4,97.91,0,1,0,0,0
Portugal,PRT,2015-Q1,98.49,0,1,0,0,0
Portugal,PRT,2015-Q2,98.56,0,1,0,0,0
Portugal,PRT,2015-Q3,98.73,0,1,0,0,0
Portugal,PRT,2015-Q4,99.19,0,1,0,0,0
Portugal,PRT,2016-Q1,99.54,0,1,0,0,0
Portugal,PRT,2016-Q2,100.0,0,1,0,0,0
Portugal,PRT,2016-Q3,101.11,0,1,1,0,0
Portugal,PRT,2016-Q4,102.25,0,1,1,0,0
Portugal,PRT,2017-Q1,103.24,0,1,1,0,0
Portugal,PRT,2017-Q2,103.54,0,1,1,0,0
Portugal,PRT,2017-Q3,104.24,0,1,1,0,0
Portugal,PRT,2017-Q4,105.23,0,1,1,0,0
Portugal,PRT,2018-Q1,105.84,0,1,1,0,0
Portugal,PRT,2018-Q2,106.85,0,1,1,0,0
Portugal,PRT,2018-Q3,107.57,0,1,1,0,0
Portugal,PRT,2018-Q4,108.24,0,1,1,0,0
Portugal,PRT,2019-Q1,109.13,0,1,1,0,0
Portugal,PRT,2019-Q2,109.74,0,1,1,0,0
Portugal,PRT,2019-Q3,110.19,0,1,1,0,0
Portugal,PRT,2019-Q4,111.21,0,1,1,0,0
Portugal,PRT,2020-Q1,106.48,0,1,1,1,0
Portugal,PRT,2020-Q2,90.46,0,1,1,1,0
Portugal,PRT,2020-Q3,103.43,0,1,1,1,0
Portugal,PRT,2020-Q4,103.78,0,1,1,1,0
Portugal,PRT,2021-Q1,100.76,0,1,1,1,1
Portugal,PRT,2021-Q2,105.41,0,1,1,1,1
Portugal,PRT,2021-Q3,109.16,0,1,1,1,1
Portugal,PRT,2021-Q4,111.3,0,1,1,1,1
Portugal,PRT,2022-Q1,112.93,0,1,1,0,1
Portugal,PRT,2022-Q2,113.37,0,1,1,0,1
Portugal,PRT,2022-Q3,114.65,0,1,1,0,1
Portugal,PRT,2022-Q4,115.47,0,1,1,0,1
Portugal,PRT,2023-Q1,116.94,0,1,1,0,1
Portugal,PRT,2023-Q2,117.51,0,1,1,0,1
Portugal,PRT,2023-Q3,117.63,0,1,1,0,1
Portugal,PRT,2023-Q4,118.49,0,1,1,0,1
Portugal,PRT,2024-Q1,119.34,0,1,1,0,1
Portugal,PRT,2024-Q2,119.96,0,1,1,0,1
Portugal,PRT,2024-Q3,120.14,0,1,1,0,1
Portugal,PRT,2024-Q4,121.55,0,1,1,0,1
Portugal,PRT,2025-Q1,121.21,0,1,1,0,1
Portugal,PRT,2025-Q2,122.04,0,1,1,0,1
Portugal,PRT,2025-Q3,122.77,0,1,1,0,1
Portugal,PRT,2025-Q4,123.92,0,1,1,0,1
Portugal,PRT,2026-Q1,124.07,0,1,1,0,1
Portugal,PRT,2026-Q2,125.09,0,1,1,0,1
Sweden,SWE,2010-Q1,85.26,0,1,0,0,0
Sweden,SWE,2010-Q2,88.05,0,1,0,0,0
Sweden,SWE,2010-Q3,89.45,0,1,0,0,0
Sweden,SWE,2010-Q4,90.38,0,1,0,0,0
Sweden,SWE,2011-Q1,90.9,0,1,0,0,0
Sweden,SWE,2011-Q2,91.53,0,1,0,0,0
Sweden,SWE,2011-Q3,92.26,0,1,0,0,0
Sweden,SWE,2011-Q4,89.89,0,1,0,0,0
Sweden,SWE,2012-Q1,90.76,0,1,0,0,0
Sweden,SWE,2012-Q2,91.12,0,1,0,0,0
Sweden,SWE,2012-Q3,91.65,0,1,0,0,0
Sweden,SWE,2012-Q4,90.74,0,1,0,0,0
Sweden,SWE,2013-Q1,91.32,0,1,0,0,0
Sweden,SWE,2013-Q2,91.58,0,1,0,0,0
Sweden,SWE,2013-Q3,92.3,0,1,0,0,0
Sweden,SWE,2013-Q4,93.1,0,1,0,0,0
Sweden,SWE,2014-Q1,93.48,0,1,0,0,0
Sweden,SWE,2014-Q2,93.97,0,1,0,0,0
Sweden,SWE,2014-Q3,94.71,0,1,0,0,0
Sweden,SWE,2014-Q4,95.08,0,1,0,0,0
Sweden,SWE,2015-Q1,96.21,0,1,0,0,0
Sweden,SWE,2015-Q2,98.52,0,1,0,0,0
Sweden,SWE,2015-Q3,98.42,0,1,0,0,0
Sweden,SWE,2015-Q4,99.51,0,1,0,0,0
Sweden,SWE,2016-Q1,98.97,0,1,0,0,0
Sweden,SWE,2016-Q2,100.0,0,1,0,0,0
Sweden,SWE,2016-Q3,100.25,0,1,1,0,0
Sweden,SWE,2016-Q4,100.88,0,1,1,0,0
Sweden,SWE,2017-Q1,101.72,0,1,1,0,0
Sweden,SWE,2017-Q2,101.88,0,1,1,0,0
Sweden,SWE,2017-Q3,102.22,0,1,1,0,0
Sweden,SWE,2017-Q4,102.88,0,1,1,0,0
Sweden,SWE,2018-Q1,103.4,0,1,1,0,0
Sweden,SWE,2018-Q2,103.96,0,1,1,0,0
Sweden,SWE,2018-Q3,103.78,0,1,1,0,0
Sweden,SWE,2018-Q4,105.17,0,1,1,0,0
Sweden,SWE,2019-Q1,105.51,0,1,1,0,0
Sweden,SWE,2019-Q2,106.84,0,1,1,0,0
Sweden,SWE,2019-Q3,106.54,0,1,1,0,0
Sweden,SWE,2019-Q4,108.36,0,1,1,0,0
Sweden,SWE,2020-Q1,108.43,0,1,1,1,0
Sweden,SWE,2020-Q2,98.87,0,1,1,1,0
Sweden,SWE,2020-Q3,104.74,0,1,1,1,0
Sweden,SWE,2020-Q4,106.23,0,1,1,1,0
Sweden,SWE,2021-Q1,109.01,0,1,1,1,1
Sweden,SWE,2021-Q2,109.48,0,1,1,1,1
Sweden,SWE,2021-Q3,109.19,0,1,1,1,1
Sweden,SWE,2021-Q4,111.55,0,1,1,1,1
Sweden,SWE,2022-Q1,110.94,0,1,1,0,1
Sweden,SWE,2022-Q2,112.13,0,1,1,0,1
Sweden,SWE,2022-Q3,111.53,0,1,1,0,1
Sweden,SWE,2022-Q4,110.4,0,1,1,0,1
Sweden,SWE,2023-Q1,111.84,0,1,1,0,1
Sweden,SWE,2023-Q2,110.65,0,1,1,0,1
Sweden,SWE,2023-Q3,112.23,0,1,1,0,1
Sweden,SWE,2023-Q4,110.46,0,1,1,0,1
Sweden,SWE,2024-Q1,113.92,0,1,1,0,1
Sweden,SWE,2024-Q2,112.27,0,1,1,0,1
Sweden,SWE,2024-Q3,113.05,0,1,1,0,1
Sweden,SWE,2024-Q4,114.48,0,1,1,0,1
Sweden,SWE,2025-Q1,114.03,0,1,1,0,1
Sweden,SWE,2025-Q2,114.79,0,1,1,0,1
Sweden,SWE,2025-Q3,115.54,0,1,1,0,1
Sweden,SWE,2025-Q4,116.76,0,1,1,0,1
Sweden,SWE,2026-Q1,116.67,0,1,1,0,1
Sweden,SWE,2026-Q2,118.48,0,1,1,0,1
United States,USA,2010-Q1,86.99,0,0,0,0,0
United States,USA,2010-Q2,87.83,0,0,0,0,0
United States,USA,2010-Q3,88.51,0,0,0,0,0
United States,USA,2010-Q4,88.97,0,0,0,0,0
United States,USA,2011-Q1,88.76,0,0,0,0,0
United States,USA,2011-Q2,89.36,0,0,0,0,0
United States,USA,2011-Q3,89.34,0,0,0,0,0
United States,USA,2011-Q4,90.35,0,0,0,0,0
United States,USA,2012-Q1,91.1,0,0,0,0,0
United States,USA,2012-Q2,91.51,0,0,0,0,0
United States,USA,2012-Q3,91.64,0,0,0,0,0
United States,USA,2012-Q4,91.75,0,0,0,0,0
United States,USA,2013-Q1,92.65,0,0,0,0,0
United States,USA,2013-Q2,92.9,0,0,0,0,0
United States,USA,2013-Q3,93.69,0,0,0,0,0
United States,USA,2013-Q4,94.51,0,0,0,0,0
United States,USA,2014-Q1,94.18,0,0,0,0,0
United States,USA,2014-Q2,95.4,0,0,0,0,0
United States,USA,2014-Q3,96.56,0,0,0,0,0
United States,USA,2014-Q4,97.05,0,0,0,0,0
United States,USA,2015-Q1,97.92,0,0,0,0,0
United States,USA,2015-Q2,98.53,0,0,0,0,0
United States,USA,2015-Q3,98.92,0,0,0,0,0
United States,USA,2015-Q4,99.11,0,0,0,0,0
United States,USA,2016-Q1,99.68,0,0,0,0,0
United States,USA,2016-Q2,100.0,0,0,0,0,0
United States,USA,2016-Q3,100.71,0,0,1,0,0
United States,USA,2016-Q4,101.27,0,0,1,0,0
United States,USA,2017-Q1,101.76,0,0,1,0,0
United States,USA,2017-Q2,102.33,0,0,1,0,0
United States,USA,2017-Q3,103.14,0,0,1,0,0
United States,USA,2017-Q4,104.3,0,0,1,0,0
United States,USA,2018-Q1,105.15,0,0,1,0,0
United States,USA,2018-Q2,105.71,0,0,1,0,0
United States,USA,2018-Q3,106.37,0,0,1,0,0
United States,USA,2018-Q4,106.52,0,0,1,0,0
United States,USA,2019-Q1,107.18,0,0,1,0,0
United States,USA,2019-Q2,108.08,0,0,1,0,0
United States,USA,2019-Q3,109.34,0,0,1,0,0
United States,USA,2019-Q4,110.09,0,0,1,0,0
United States,USA,2020-Q1,108.64,0,0,1,1,0
United States,USA,2020-Q2,100.08,0,0,1,1,0
United States,USA,2020-Q3,107.85,0,0,1,1,0
United States,USA,2020-Q4,109.07,0,0,1,1,0
United States,USA,2021-Q1,110.59,0,0,1,1,1
United States,USA,2021-Q2,112.48,0,0,1,1,1
United States,USA,2021-Q3,113.4,0,0,1,1,1
United States,USA,2021-Q4,115.35,0,0,1,1,1
United States,USA,2022-Q1,115.06,0,0,1,0,1
United States,USA,2022-Q2,115.24,0,0,1,0,1
United States,USA,2022-Q3,116.07,0,0,1,0,1
United States,USA,2022-Q4,116.87,0,0,1,0,1
United States,USA,2023-Q1,117.71,0,0,1,0,1
United States,USA,2023-Q2,118.45,0,0,1,0,1
United States,USA,2023-Q3,119.82,0,0,1,0,1
United States,USA,2023-Q4,120.83,0,0,1,0,1
United States,USA,2024-Q1,121.09,0,0,1,0,1
United States,USA,2024-Q2,122.16,0,0,1,0,1
United States,USA,2024-Q3,123.16,0,0,1,0,1
United States,USA,2024-Q4,123.73,0,0,1,0,1
United States,USA,2025-Q1,123.53,0,0,1,0,1
United States,USA,2025-Q2,124.7,0,0,1,0,1
United States,USA,2025-Q3,126.04,0,0,1,0,1
United States,USA,2025-Q4,126.19,0,0,1,0,1
United States,USA,2026-Q1,126.85,0,0,1,0,1
United States,USA,2026-Q2,127.31,0,0,1,0,1
