area_code,area,region,electorate,turnout_pct,leave_pct,leave_majority,employment_rate_2015,employment_rate_2019,employment_rate_2024,degree_share_2015,median_weekly_pay_2015,median_weekly_pay_2024
E06000001,Hartlepool,North East,70341,65.59,69.57,1,64.2,67.6,66.1,24.4,495.7,648.2
E06000002,Middlesbrough,North East,94612,64.89,65.48,1,63.5,62.9,65.7,26.8,468.6,613.1
E06000003,Redcar and Cleveland,North East,103529,70.26,66.19,1,67.7,67.4,72.7,30.3,506.2,636.9
E06000004,Stockton-on-Tees,North East,141486,71.0,61.73,1,73.5,71.3,72.7,35.5,501.7,647.9
E06000005,Darlington,North East,77662,71.07,56.18,1,72.5,74.2,78.0,31.5,488.8,652.4
E06000006,Halton,North West,95289,68.26,57.42,1,75.3,77.6,69.6,22.3,480.6,689.9
E06000007,Warrington,North West,157042,73.36,54.27,1,77.9,80.4,72.5,42.0,542.3,736.7
E06000008,Blackburn with Darwen,North West,100117,65.33,56.34,1,64.8,68.0,66.8,25.6,411.9,593.7
E06000009,Blackpool,North West,102354,65.42,67.46,1,72.0,72.8,65.9,21.9,388.2,600.7
E06000010,"Kingston upon Hull, City of",Yorkshire and The Humber,180230,62.94,67.62,1,67.0,71.1,72.8,22.2,443.6,601.2
E06000011,East Riding of Yorkshire,Yorkshire and The Humber,266047,74.81,60.4,1,76.3,78.9,79.2,35.0,503.5,714.7
E06000012,North East Lincolnshire,Yorkshire and The Humber,116302,67.94,69.87,1,71.0,70.8,71.7,23.6,450.4,669.9
E06000013,North Lincolnshire,Yorkshire and The Humber,123611,71.92,66.3,1,71.7,72.3,68.8,27.1,538.7,697.4
E06000014,York,Yorkshire and The Humber,155157,70.69,41.96,0,76.4,79.2,78.5,40.7,495.6,718.4
E06000015,Derby,East Midlands,171246,70.53,57.22,1,73.2,74.2,70.5,32.5,518.2,686.7
E06000016,Leicester,East Midlands,213819,65.15,48.92,0,62.5,71.1,69.5,28.8,421.7,588.8
E06000017,Rutland,East Midlands,29390,78.2,50.57,1,76.6,77.1,76.8,39.6,550.9,843.6
E06000018,Nottingham,East Midlands,195394,61.82,50.84,1,64.2,63.9,71.4,34.5,434.8,590.4
E06000019,"Herefordshire, County of",West Midlands,138247,78.36,59.22,1,77.9,83.0,80.3,33.6,454.7,662.9
E06000020,Telford and Wrekin,West Midlands,124338,72.15,63.22,1,73.3,76.8,73.6,26.4,464.5,661.2
E06000021,Stoke-on-Trent,West Midlands,179010,65.74,69.36,1,68.2,72.5,71.9,24.3,434.5,608.9
E06000022,Bath and North East Somerset,South West,136522,77.13,42.15,0,76.4,77.5,76.4,47.7,522.3,766.4
E06000023,"Bristol, City of",South West,312465,73.17,38.27,0,76.2,76.7,79.3,47.9,506.3,740.6
E06000024,North Somerset,South West,160860,77.47,52.17,1,78.7,80.7,77.5,36.6,551.1,750.9
E06000025,South Gloucestershire,South West,207793,76.24,52.68,1,79.9,82.2,82.3,37.7,540.1,772.3
E06000026,Plymouth,South West,186989,71.41,59.94,1,73.6,74.0,74.5,29.9,483.9,655.8
E06000027,Torbay,South West,102961,73.69,63.16,1,75.2,74.9,78.7,26.3,421.6,632.4
E06000028,Bournemouth,South West,132752,69.3,54.88,1,71.5,81.5,73.6,36.2,,
E06000029,Poole,South West,113421,75.38,58.17,1,77.1,80.0,75.2,37.2,,
E06000030,Swindon,South West,148960,75.9,54.66,1,77.3,80.1,80.6,28.8,545.2,713.8
E06000031,Peterborough,East,120892,72.35,60.89,1,74.8,74.7,71.1,26.1,460.5,678.3
E06000032,Luton,East,127612,66.31,56.55,1,67.8,70.4,63.6,29.8,489.0,670.7
E06000033,Southend-on-Sea,East,128856,72.9,58.08,1,75.6,77.3,81.5,26.0,541.2,828.9
E06000034,Thurrock,East,109897,72.75,72.28,1,72.8,77.1,78.0,24.3,563.3,791.8
E06000035,Medway,South East,192524,72.18,64.08,1,69.8,77.9,79.2,25.9,547.9,754.6
E06000036,Bracknell Forest,South East,85298,76.11,53.94,1,83.2,84.1,84.1,38.2,589.1,811.1
E06000037,West Berkshire,South East,116757,79.95,48.22,0,83.1,83.5,83.4,50.0,602.8,812.6
E06000038,Reading,South East,103172,72.53,41.97,0,73.2,79.2,82.9,45.3,565.8,782.4
E06000039,Slough,South East,87873,62.13,54.33,1,74.9,75.1,68.2,37.2,540.1,760.4
E06000040,Windsor and Maidenhead,South East,102665,79.73,46.1,0,79.8,81.2,76.7,50.6,694.0,860.2
E06000041,Wokingham,South East,121891,80.03,43.31,0,78.6,81.1,78.7,48.9,670.8,899.7
E06000042,Milton Keynes,South East,177211,73.66,51.41,1,77.1,78.3,79.7,35.4,533.6,773.1
E06000043,Brighton and Hove,South East,198293,74.05,31.38,0,71.6,76.2,75.2,48.5,542.9,750.3
E06000044,Portsmouth,South East,140517,70.3,58.08,1,70.6,70.8,79.8,30.0,513.4,690.1
E06000045,Southampton,South East,158171,68.14,53.8,1,76.2,75.0,76.9,32.4,502.4,689.9
E06000046,Isle of Wight,South East,109844,72.31,61.95,1,72.2,73.8,70.8,28.3,480.6,649.6
E06000047,County Durham,North East,389507,68.69,57.55,1,67.3,71.2,71.0,29.0,481.1,637.1
E06000049,Cheshire East,North West,285957,77.36,51.18,1,75.0,80.9,79.7,38.4,536.6,758.9
E06000050,Cheshire West and Chester,North West,259878,74.51,50.68,1,73.6,76.9,83.1,39.7,525.5,753.2
E06000051,Shropshire,West Midlands,236788,77.42,56.87,1,80.2,80.7,79.0,35.7,491.9,699.1
E06000052,Cornwall,South West,419755,77.05,56.52,1,74.3,77.4,76.4,29.3,440.5,669.4
E06000053,Isles of Scilly,South West,1799,79.16,43.61,0,,,,,,
E06000054,Wiltshire,South West,366555,78.87,52.49,1,79.2,78.8,81.8,37.4,517.7,721.3
E06000055,Bedford,East,119530,72.06,51.78,1,78.8,76.9,77.5,37.8,556.5,753.9
E06000056,Central Bedfordshire,East,204004,77.89,56.13,1,79.6,80.8,80.7,38.7,579.3,829.2
E06000057,Northumberland,North East,240496,74.35,54.11,1,74.0,72.3,70.1,30.9,480.0,690.2
E07000004,Aylesbury Vale,South East,136235,78.46,50.5,1,79.8,81.3,84.1,43.8,558.2,
E07000005,Chiltern,South East,70185,83.57,44.98,0,80.2,75.9,75.1,52.5,690.7,
E07000006,South Bucks,South East,52194,78.08,50.7,1,77.4,73.9,72.2,53.5,661.6,
E07000007,Wycombe,South East,125260,75.74,48.03,0,79.6,80.9,82.1,48.4,613.6,
E07000008,Cambridge,East,80108,72.22,26.15,0,77.9,80.6,70.2,66.4,583.3,832.9
E07000009,East Cambridgeshire,East,62435,77.08,50.92,1,79.8,86.0,81.2,38.8,566.5,751.9
E07000010,Fenland,East,71447,73.69,71.39,1,75.9,69.8,67.0,28.5,459.8,699.0
E07000011,Huntingdonshire,East,128486,77.82,54.24,1,83.1,79.3,82.5,35.4,543.2,732.2
E07000012,South Cambridgeshire,East,114830,81.21,39.77,0,82.8,82.4,88.0,51.0,618.9,883.0
E07000026,Allerdale,North West,74426,72.92,58.65,1,80.2,83.7,76.5,33.1,531.9,
E07000027,Barrow-in-Furness,North West,53194,67.87,60.62,1,69.4,63.3,75.2,20.5,494.1,
E07000028,Carlisle,North West,80124,74.54,60.14,1,78.9,79.2,80.3,31.3,429.8,
E07000029,Copeland,North West,54206,70.06,62.0,1,72.6,70.7,74.1,23.4,714.4,
E07000030,Eden,North West,41872,75.82,53.32,1,85.4,89.2,79.3,34.6,460.9,
E07000031,South Lakeland,North West,81948,79.78,47.14,0,80.8,83.4,80.4,40.0,519.4,
E07000032,Amber Valley,East Midlands,96760,76.34,60.28,1,71.9,84.2,76.4,34.9,521.0,686.1
E07000033,Bolsover,East Midlands,58063,72.33,70.83,1,73.5,75.4,77.7,18.0,427.1,616.1
E07000034,Chesterfield,East Midlands,79905,71.92,60.04,1,72.1,66.6,86.8,25.5,471.4,665.7
E07000035,Derbyshire Dales,East Midlands,57075,81.92,51.56,1,84.4,79.4,74.5,42.1,554.3,768.9
E07000036,Erewash,East Midlands,87596,75.99,61.23,1,80.9,83.0,83.9,34.2,507.2,687.8
E07000037,High Peak,East Midlands,72487,75.69,50.55,1,79.0,70.9,80.4,43.6,509.2,724.1
E07000038,North East Derbyshire,East Midlands,78855,75.25,62.78,1,77.3,78.2,72.6,31.0,514.5,684.1
E07000039,South Derbyshire,East Midlands,73856,76.8,60.35,1,73.8,87.8,81.6,35.7,514.9,758.8
E07000040,East Devon,South West,112527,78.94,54.11,1,80.4,81.9,83.2,48.3,499.3,751.3
E07000041,Exeter,South West,86417,73.91,44.72,0,82.1,77.5,74.6,41.8,473.9,697.8
E07000042,Mid Devon,South West,60532,79.38,53.34,1,81.8,84.1,81.0,38.9,478.9,685.9
E07000043,North Devon,South West,75548,76.85,57.04,1,78.9,82.7,68.8,25.4,446.8,609.8
E07000044,South Hams,South West,69121,80.27,47.15,0,71.0,78.7,79.5,50.9,498.9,729.2
E07000045,Teignbridge,South West,103740,79.4,53.9,1,81.7,78.7,78.6,35.9,440.2,659.0
E07000046,Torridge,South West,52881,78.41,60.83,1,61.0,90.9,77.8,32.1,453.9,622.7
E07000047,West Devon,South West,43823,81.26,53.2,1,80.4,82.1,62.3,51.8,475.7,717.9
E07000048,Christchurch,South West,39176,79.3,58.83,1,83.1,82.2,75.2,27.6,599.0,
E07000049,East Dorset,South West,71966,81.33,57.62,1,79.5,76.0,81.8,33.7,548.2,
E07000050,North Dorset,South West,52980,79.71,56.4,1,80.3,71.9,85.2,32.2,493.2,
E07000051,Purbeck,South West,36418,78.91,59.07,1,80.2,78.2,78.9,44.2,464.6,
E07000052,West Dorset,South West,82071,79.49,51.03,1,76.4,75.3,71.4,38.4,494.9,
E07000053,Weymouth and Portland,South West,50442,75.87,61.04,1,74.7,78.6,71.9,25.8,491.5,
E07000061,Eastbourne,South East,71726,74.73,57.33,1,71.3,74.5,72.5,37.7,528.0,704.9
E07000062,Hastings,South East,61957,71.64,54.88,1,67.7,79.0,70.8,24.7,446.0,667.8
E07000063,Lewes,South East,76428,77.89,47.93,0,74.9,73.0,75.2,31.6,552.5,748.9
E07000064,Rother,South East,72755,79.33,58.53,1,75.2,78.9,64.1,30.6,515.3,706.7
E07000065,Wealden,South East,121141,80.03,54.5,1,75.3,78.8,73.9,30.3,573.6,751.4
E07000066,Basildon,East,132771,73.86,68.62,1,75.0,78.2,78.9,28.9,556.8,777.7
E07000067,Braintree,East,112562,76.67,61.13,1,79.7,76.8,70.3,27.4,588.8,781.9
E07000068,Brentwood,East,58777,79.5,59.15,1,80.5,80.3,66.7,32.6,724.4,919.2
E07000069,Castle Point,East,68860,75.38,72.7,1,80.4,80.5,81.6,18.9,550.0,767.7
E07000070,Chelmsford,East,129971,77.6,52.83,1,79.0,80.2,78.6,33.6,601.1,787.5
E07000071,Colchester,East,127520,75.11,53.6,1,80.6,72.9,78.6,32.4,530.5,771.3
E07000072,Epping Forest,East,100016,76.89,62.69,1,73.8,80.0,77.9,35.0,668.4,861.2
E07000073,Harlow,East,59124,73.56,68.1,1,75.0,71.2,72.4,20.8,487.7,700.7
E07000074,Maldon,East,49073,79.17,62.58,1,74.8,85.9,77.2,35.4,609.7,726.9
E07000075,Rochford,East,66589,78.81,66.61,1,78.3,84.5,81.6,25.1,574.4,841.2
E07000076,Tendring,East,111167,74.4,69.5,1,68.7,67.2,74.4,19.4,490.6,715.2
E07000077,Uttlesford,East,64735,80.28,50.68,1,76.3,83.1,78.8,38.3,604.7,879.2
E07000078,Cheltenham,South West,87060,75.88,43.83,0,73.8,84.3,78.2,55.2,541.1,750.9
E07000079,Cotswold,South West,68734,79.8,48.9,0,78.8,77.7,77.1,39.1,530.4,757.7
E07000080,Forest of Dean,South West,66705,77.47,58.58,1,80.1,80.9,84.0,32.0,527.1,712.7
E07000081,Gloucester,South West,89661,72.06,58.5,1,78.5,83.4,83.9,36.7,471.8,665.1
E07000082,Stroud,South West,92631,80.03,45.39,0,83.8,83.5,75.2,43.1,525.1,700.1
E07000083,Tewkesbury,South West,67831,79.15,53.25,1,84.3,79.3,85.4,36.6,566.0,721.1
E07000084,Basingstoke and Deane,South East,128677,78.02,51.9,1,81.7,83.0,77.7,39.9,622.4,834.1
E07000085,East Hampshire,South East,90588,81.65,49.48,0,74.9,82.5,73.7,39.2,577.2,824.2
E07000086,Eastleigh,South East,97280,78.28,52.45,1,84.6,77.2,82.4,30.8,547.7,791.2
E07000087,Fareham,South East,90175,79.59,55.1,1,79.3,82.4,85.0,37.3,576.6,827.4
E07000088,Gosport,South East,62781,73.51,63.86,1,78.5,74.9,81.4,31.3,535.8,711.0
E07000089,Hart,South East,69946,82.67,47.6,0,84.1,89.0,79.4,52.1,708.2,914.6
E07000090,Havant,South East,95366,74.1,62.36,1,74.9,72.7,70.2,31.5,522.2,714.3
E07000091,New Forest,South East,141061,79.25,57.76,1,77.8,82.6,78.1,26.0,536.6,695.9
E07000092,Rushmoor,South East,65790,74.18,58.21,1,89.2,83.4,82.1,25.4,517.5,724.4
E07000093,Test Valley,South East,94559,79.65,51.94,1,80.3,77.5,79.6,43.3,601.8,753.9
E07000094,Winchester,South East,89595,81.26,41.07,0,86.2,72.6,85.6,53.8,639.3,847.5
E07000095,Broxbourne,East,68997,73.78,66.26,1,76.0,75.4,84.1,37.5,615.3,797.8
E07000096,Dacorum,East,108965,79.21,50.67,1,82.5,80.3,90.1,40.9,600.7,814.6
E07000098,Hertsmere,East,73295,76.62,50.84,1,72.4,81.4,66.5,33.5,541.0,821.6
E07000099,North Hertfordshire,East,99316,78.27,45.63,0,82.1,80.8,78.5,44.4,634.9,880.7
E07000102,Three Rivers,East,67380,78.5,51.27,1,81.9,79.3,75.6,46.7,606.5,835.1
E07000103,Watford,East,65060,71.68,50.27,1,87.1,81.8,85.3,43.4,611.3,776.5
E07000105,Ashford,South East,90516,77.14,59.43,1,75.7,78.8,76.7,32.9,549.0,699.0
E07000106,Canterbury,South East,109399,75.05,51.04,1,64.0,69.3,67.6,40.0,582.0,728.3
E07000107,Dartford,South East,73951,75.57,64.22,1,73.0,88.8,69.4,32.5,575.7,813.3
E07000108,Dover,South East,85011,76.53,62.15,1,69.4,73.0,70.9,27.8,497.7,738.3
E07000109,Gravesham,South East,72808,74.93,65.38,1,69.3,80.7,70.2,42.9,546.2,691.3
E07000110,Maidstone,South East,117298,76.02,58.75,1,80.9,82.1,79.1,35.8,558.2,693.2
E07000111,Sevenoaks,South East,87253,80.68,54.38,1,74.6,79.1,79.3,49.5,592.4,915.3
E07000112,Shepway,South East,80879,75.0,62.25,1,78.4,82.3,80.6,22.7,540.4,694.9
E07000113,Swale,South East,102209,74.27,62.46,1,73.6,72.1,77.4,23.9,537.8,749.6
E07000114,Thanet,South East,99108,72.8,63.85,1,71.9,71.5,70.9,22.6,438.0,696.1
E07000115,Tonbridge and Malling,South East,93019,79.62,55.7,1,81.3,84.4,85.8,36.3,636.2,792.1
E07000116,Tunbridge Wells,South East,82181,79.14,45.11,0,73.1,81.1,80.2,44.4,562.1,838.4
E07000117,Burnley,North West,64461,67.25,66.61,1,71.5,70.0,77.9,22.0,421.6,629.5
E07000118,Chorley,North West,84159,75.52,56.83,1,80.8,77.3,82.8,38.4,515.3,724.7
E07000119,Fylde,North West,61174,75.57,56.96,1,78.7,85.0,82.9,39.3,510.7,738.7
E07000120,Hyndburn,North West,62042,64.74,66.19,1,72.5,81.3,61.6,32.4,452.7,659.9
E07000121,Lancaster,North West,100567,72.69,51.08,1,70.6,66.2,82.2,37.1,494.3,652.2
E07000122,Pendle,North West,64534,70.33,63.15,1,74.1,70.8,67.7,21.5,447.5,585.8
E07000123,Preston,North West,94284,68.72,53.31,1,69.0,80.9,70.2,25.4,434.9,693.9
E07000124,Ribble Valley,North West,46148,79.02,56.39,1,85.8,80.0,76.7,40.0,543.4,788.0
E07000125,Rossendale,North West,52750,72.43,60.68,1,72.9,79.6,81.9,42.4,482.8,670.9
E07000126,South Ribble,North West,84573,75.38,58.56,1,78.3,88.8,78.6,31.8,480.4,697.8
E07000127,West Lancashire,North West,85834,74.47,55.31,1,67.5,67.7,81.2,33.4,500.7,717.2
E07000128,Wyre,North West,84471,74.61,63.77,1,70.5,78.8,83.9,28.9,506.4,716.5
E07000129,Blaby,East Midlands,73832,76.54,59.47,1,77.1,81.4,85.0,36.4,569.8,736.0
E07000130,Charnwood,East Midlands,133780,70.46,53.81,1,71.8,78.8,70.8,35.7,524.5,711.7
E07000131,Harborough,East Midlands,67420,81.44,50.75,1,76.1,85.6,74.2,36.1,574.9,786.8
E07000132,Hinckley and Bosworth,East Midlands,85305,76.8,60.33,1,80.6,87.6,80.4,29.7,516.8,670.4
E07000133,Melton,East Midlands,37273,81.36,58.11,1,78.4,83.6,74.2,29.7,483.2,628.7
E07000134,North West Leicestershire,East Midlands,73944,77.95,60.7,1,81.5,71.5,85.9,37.0,499.0,764.7
E07000135,Oadby and Wigston,East Midlands,42684,73.77,54.58,1,74.2,76.3,81.4,34.4,457.9,667.3
E07000136,Boston,East Midlands,39363,77.27,75.56,1,68.8,78.4,71.3,24.3,411.0,573.5
E07000137,East Lindsey,East Midlands,107009,74.93,70.65,1,67.7,66.2,64.4,25.2,462.1,607.8
E07000138,Lincoln,East Midlands,63351,69.34,56.94,1,74.2,73.5,74.1,25.4,470.8,650.3
E07000139,North Kesteven,East Midlands,86468,78.4,62.26,1,78.4,80.1,81.3,27.7,509.3,742.4
E07000140,South Holland,East Midlands,65701,75.37,73.59,1,75.2,78.2,78.6,24.7,445.4,642.7
E07000141,South Kesteven,East Midlands,105457,78.25,59.93,1,76.1,79.9,66.4,38.2,475.3,689.1
E07000142,West Lindsey,East Midlands,73499,74.53,61.82,1,78.4,81.8,67.7,32.1,517.7,685.3
E07000143,Breckland,East,98989,74.34,64.22,1,77.0,77.5,69.8,28.2,451.2,680.2
E07000144,Broadland,East,99254,78.37,54.37,1,78.9,84.3,82.8,31.5,526.8,702.5
E07000145,Great Yarmouth,East,72634,69.06,71.5,1,66.6,72.5,70.7,16.9,448.0,631.2
E07000146,King's Lynn and West Norfolk,East,113884,74.75,66.4,1,76.3,78.3,78.5,23.3,464.6,678.3
E07000147,North Norfolk,East,83065,76.84,58.91,1,71.1,73.3,65.1,22.9,437.1,655.5
E07000148,Norwich,East,96091,69.12,43.76,0,74.2,72.3,75.0,39.3,465.8,646.8
E07000149,South Norfolk,East,102395,78.54,51.69,1,79.2,83.0,81.7,30.9,533.6,754.8
E07000150,Corby,East Midlands,43313,74.1,64.25,1,74.6,82.9,87.8,19.7,467.3,
E07000151,Daventry,East Midlands,61004,81.01,58.6,1,80.4,87.3,79.0,30.7,497.3,
E07000152,East Northamptonshire,East Midlands,68334,76.99,58.76,1,77.3,85.9,82.0,27.7,561.2,
E07000153,Kettering,East Midlands,70570,76.43,60.99,1,80.0,78.1,71.2,31.6,504.8,
E07000154,Northampton,East Midlands,144948,72.68,58.38,1,80.1,78.8,75.8,30.1,483.6,
E07000155,South Northamptonshire,East Midlands,71309,79.46,54.34,1,78.3,80.3,79.8,38.3,613.9,
E07000156,Wellingborough,East Midlands,54572,75.46,62.42,1,78.6,79.3,75.3,20.9,504.9,
E07000163,Craven,Yorkshire and The Humber,44320,81.02,52.83,1,77.7,73.2,80.8,43.7,450.2,
E07000164,Hambleton,Yorkshire and The Humber,70133,78.45,53.66,1,83.5,80.2,81.0,35.0,478.4,
E07000165,Harrogate,Yorkshire and The Humber,119987,78.89,49.03,0,79.3,86.1,78.7,39.7,518.7,
E07000166,Richmondshire,Yorkshire and The Humber,36794,75.15,56.78,1,84.8,75.7,77.9,20.2,519.4,
E07000167,Ryedale,Yorkshire and The Humber,41529,77.22,55.26,1,79.1,79.1,85.3,28.9,411.8,
E07000168,Scarborough,Yorkshire and The Humber,82900,73.03,61.99,1,79.7,80.0,78.2,39.6,468.6,
E07000169,Selby,Yorkshire and The Humber,65278,79.1,59.17,1,79.8,71.3,77.3,34.8,536.3,
E07000170,Ashfield,East Midlands,91916,72.83,69.84,1,73.4,78.2,73.1,22.0,449.4,652.9
E07000171,Bassetlaw,East Midlands,85547,74.82,67.83,1,67.3,82.2,77.2,24.7,505.5,643.1
E07000172,Broxtowe,East Midlands,83593,78.32,54.65,1,74.5,77.5,81.9,38.5,563.5,756.4
E07000173,Gedling,East Midlands,88298,76.6,55.55,1,71.0,82.5,73.0,39.0,515.9,704.1
E07000174,Mansfield,East Midlands,77624,72.62,70.86,1,80.3,75.9,72.8,26.4,435.8,629.6
E07000175,Newark and Sherwood,East Midlands,87338,76.86,60.39,1,69.2,73.2,75.6,29.7,461.9,729.1
E07000176,Rushcliffe,East Midlands,86401,81.56,42.45,0,78.7,81.2,83.1,52.0,621.1,804.9
E07000177,Cherwell,South East,108342,75.6,50.31,1,77.3,86.0,84.6,36.0,558.9,771.0
E07000178,Oxford,South East,97331,72.34,29.73,0,79.4,80.7,76.9,63.4,556.8,777.2
E07000179,South Oxfordshire,South East,104231,80.75,45.02,0,86.3,83.5,86.7,57.4,618.4,881.6
E07000180,Vale of White Horse,South East,94487,81.18,43.3,0,76.3,80.6,81.3,47.7,603.7,801.4
E07000181,West Oxfordshire,South East,82441,79.72,46.34,0,84.3,87.2,87.4,50.1,565.8,787.6
E07000187,Mendip,South West,85068,77.01,48.93,0,75.8,84.4,85.5,36.3,511.5,
E07000188,Sedgemoor,South West,89714,76.3,61.2,1,77.9,80.2,79.3,28.0,476.1,
E07000189,South Somerset,South West,126495,78.69,57.25,1,80.6,80.6,76.0,35.9,455.8,
E07000190,Taunton Deane,South West,84164,78.16,52.92,1,77.0,77.9,79.0,43.9,489.2,
E07000191,West Somerset,South West,27478,79.17,60.59,1,81.1,75.1,76.5,29.3,548.1,
E07000192,Cannock Chase,West Midlands,75010,71.47,68.86,1,76.2,82.9,81.4,28.5,490.0,650.9
E07000193,East Staffordshire,West Midlands,83558,74.39,63.21,1,76.6,83.7,79.7,26.8,478.2,668.5
E07000194,Lichfield,West Midlands,80369,78.78,58.81,1,80.3,76.9,79.9,34.0,593.9,794.0
E07000195,Newcastle-under-Lyme,West Midlands,92816,74.3,63.04,1,76.0,72.5,75.0,27.9,487.1,675.0
E07000196,South Staffordshire,West Midlands,85777,77.81,64.85,1,75.3,83.4,73.6,39.3,545.6,766.7
E07000197,Stafford,West Midlands,99612,77.83,55.99,1,74.9,74.1,82.6,41.6,533.4,773.9
E07000198,Staffordshire Moorlands,West Midlands,79347,75.36,64.73,1,80.8,80.6,80.1,20.4,495.7,731.8
E07000199,Tamworth,West Midlands,56825,74.18,67.47,1,78.1,82.2,72.4,27.2,478.9,683.6
E07000200,Babergh,East,70628,78.26,54.19,1,73.7,72.7,76.9,23.5,540.1,690.8
E07000201,Forest Heath,East,38527,72.62,64.97,1,75.6,83.9,83.4,27.3,420.7,
E07000202,Ipswich,East,91574,72.51,58.26,1,73.4,73.2,79.2,22.5,479.9,686.6
E07000203,Mid Suffolk,East,78325,78.16,55.23,1,79.8,84.2,72.5,29.4,512.5,725.6
E07000204,St Edmundsbury,East,81148,76.72,56.62,1,75.6,83.9,83.4,27.3,420.7,
E07000205,Suffolk Coastal,East,98195,80.68,53.0,1,76.5,79.3,73.4,36.7,551.6,
E07000206,Waveney,East,90391,72.67,62.9,1,75.5,78.1,77.3,21.0,476.9,
E07000207,Elmbridge,South East,98613,78.14,40.47,0,74.9,74.2,76.7,59.0,743.6,1011.6
E07000208,Epsom and Ewell,South East,56382,80.42,47.92,0,80.1,82.8,85.4,50.3,649.3,848.1
E07000209,Guildford,South East,102209,76.96,43.83,0,70.1,83.9,83.2,43.9,651.6,849.6
E07000210,Mole Valley,South East,66730,82.17,46.92,0,77.6,86.9,78.3,49.4,600.1,870.2
E07000211,Reigate and Banstead,South East,103731,78.28,50.49,1,78.2,82.9,79.6,47.6,633.4,853.2
E07000212,Runnymede,South East,58272,76.07,54.26,1,73.7,81.1,74.4,37.8,595.6,899.1
E07000213,Spelthorne,South East,72674,77.93,60.3,1,82.1,82.6,78.9,34.9,660.6,794.7
E07000214,Surrey Heath,South East,65569,79.81,50.98,1,74.4,80.9,82.8,43.7,651.7,876.1
E07000215,Tandridge,South East,64044,80.36,52.84,1,80.4,77.5,69.2,42.5,635.6,809.5
E07000216,Waverley,South East,92291,82.35,41.61,0,74.8,83.3,82.3,48.5,691.9,953.1
E07000217,Woking,South East,71313,77.49,43.85,0,79.0,84.8,78.6,45.6,608.9,839.1
E07000218,North Warwickshire,West Midlands,49790,76.27,66.88,1,78.6,80.0,82.1,30.3,488.7,703.8
E07000219,Nuneaton and Bedworth,West Midlands,93978,74.35,66.01,1,69.4,77.7,79.7,28.6,490.5,670.3
E07000220,Rugby,West Midlands,74137,79.03,56.7,1,84.1,83.3,79.9,38.8,576.3,818.9
E07000221,Stratford-on-Avon,West Midlands,98014,80.82,51.56,1,81.8,84.5,83.8,47.3,544.2,769.4
E07000222,Warwick,West Midlands,103099,79.22,41.22,0,80.5,78.8,87.4,54.3,564.4,839.7
E07000223,Adur,South East,48755,76.4,54.57,1,77.1,90.4,69.4,24.2,482.4,627.0
E07000224,Arun,South East,117138,77.86,62.48,1,73.6,75.9,83.2,35.9,487.8,692.9
E07000225,Chichester,South East,91659,77.91,50.92,1,81.0,85.2,85.2,46.4,542.6,651.9
E07000226,Crawley,South East,73575,73.24,58.41,1,80.4,79.8,80.9,28.0,544.5,736.3
E07000227,Horsham,South East,104270,81.65,48.54,0,81.6,82.4,82.4,45.2,627.6,822.5
E07000228,Mid Sussex,South East,108416,80.79,46.91,0,80.7,84.0,80.6,46.6,614.4,793.9
E07000229,Worthing,South East,81384,75.46,52.99,1,76.0,80.9,79.5,35.0,521.7,735.3
E07000234,Bromsgrove,West Midlands,74170,79.35,55.37,1,75.3,80.2,82.4,39.2,605.6,822.2
E07000235,Malvern Hills,West Midlands,60217,80.61,52.16,1,75.1,71.8,74.0,50.8,535.2,788.4
E07000236,Redditch,West Midlands,61038,75.22,62.29,1,71.8,81.5,76.4,25.2,428.3,649.4
E07000237,Worcester,West Midlands,73516,73.85,53.68,1,81.2,80.2,81.5,37.3,528.1,729.6
E07000238,Wychavon,West Midlands,94497,80.88,57.86,1,79.5,78.3,74.2,40.4,522.9,670.8
E07000239,Wyre Forest,West Midlands,77878,74.05,63.15,1,71.8,74.3,88.3,33.6,499.4,674.5
E07000240,St Albans,East,104859,82.51,37.29,0,82.0,74.4,83.2,62.1,700.5,1034.2
E07000241,Welwyn Hatfield,East,78146,75.04,52.99,1,72.0,82.5,75.7,39.0,576.1,780.1
E07000242,East Hertfordshire,East,106260,80.4,50.36,1,86.3,75.6,83.3,44.2,641.0,917.5
E07000243,Stevenage,East,62156,73.7,59.25,1,80.6,80.7,79.2,22.8,544.9,784.1
E08000001,Bolton,North West,197109,70.1,58.29,1,70.5,68.9,66.7,30.5,469.1,666.4
E08000002,Bury,North West,141600,71.43,54.12,1,71.5,74.0,72.5,37.0,519.8,689.9
E08000003,Manchester,North West,338064,59.77,39.64,0,62.8,66.8,65.8,39.5,479.8,669.8
E08000004,Oldham,North West,158084,68.0,60.86,1,64.8,70.5,68.2,27.6,442.5,663.3
E08000005,Rochdale,North West,156621,65.97,60.07,1,64.6,70.2,70.2,25.4,463.4,689.6
E08000006,Salford,North West,173668,63.3,56.81,1,69.7,76.6,71.2,31.1,474.7,679.5
E08000007,Stockport,North West,221162,73.97,47.67,0,77.7,76.7,76.2,36.2,540.0,765.6
E08000008,Tameside,North West,168047,66.06,61.14,1,70.9,75.0,74.7,25.1,447.0,661.7
E08000009,Trafford,North West,165294,75.86,42.31,0,78.9,78.6,79.4,48.5,564.4,780.6
E08000010,Wigan,North West,235982,69.23,63.9,1,77.1,77.2,73.2,28.4,502.4,677.1
E08000011,Knowsley,North West,111647,63.54,51.56,1,68.8,75.6,72.3,22.6,475.5,718.0
E08000012,Liverpool,North West,317924,64.08,41.81,0,60.5,67.3,66.7,30.7,480.8,692.8
E08000013,St. Helens,North West,136096,68.86,58.02,1,69.4,74.5,73.5,26.2,479.1,689.5
E08000014,Sefton,North West,206298,71.73,48.13,0,73.3,74.8,74.4,31.2,473.7,680.2
E08000015,Wirral,North West,242568,70.96,48.3,0,69.7,76.8,72.2,32.1,518.6,713.6
E08000016,Barnsley,Yorkshire and The Humber,175809,69.95,68.31,1,72.8,73.9,74.8,22.8,469.6,689.6
E08000017,Doncaster,Yorkshire and The Humber,217432,69.56,68.96,1,70.3,71.7,73.4,22.7,467.0,669.2
E08000018,Rotherham,Yorkshire and The Humber,197623,69.56,67.89,1,72.0,71.0,70.6,26.4,481.1,660.3
E08000019,Sheffield,Yorkshire and The Humber,396406,67.34,50.99,1,70.2,74.0,72.1,36.0,485.1,703.7
E08000021,Newcastle upon Tyne,North East,190735,67.67,49.3,0,65.1,67.2,65.1,37.0,495.9,687.6
E08000022,North Tyneside,North East,156993,72.3,53.4,1,75.9,78.0,69.4,34.4,503.0,709.9
E08000023,South Tyneside,North East,115893,68.27,62.05,1,70.0,68.4,65.0,26.6,473.6,662.0
E08000024,Sunderland,North East,207221,64.86,61.34,1,65.7,69.3,74.3,25.4,460.0,643.9
E08000025,Birmingham,West Midlands,707293,63.81,50.42,1,61.4,65.2,66.3,32.6,488.2,661.5
E08000026,Coventry,West Midlands,221389,69.21,55.6,1,64.3,73.0,75.0,29.5,509.7,691.0
E08000027,Dudley,West Midlands,244516,71.71,67.6,1,69.8,72.6,72.4,24.7,495.6,678.6
E08000028,Sandwell,West Midlands,221429,66.58,66.72,1,66.9,70.7,68.0,19.8,451.6,643.5
E08000029,Solihull,West Midlands,160425,76.06,56.16,1,72.5,76.5,78.3,35.6,590.2,796.5
E08000030,Walsall,West Midlands,194729,69.68,67.86,1,64.4,70.6,71.5,21.2,475.5,641.9
E08000031,Wolverhampton,West Midlands,174760,67.54,62.57,1,64.4,67.2,65.8,23.9,434.2,663.1
E08000032,Bradford,Yorkshire and The Humber,342817,66.72,54.23,1,65.4,66.3,69.1,26.8,449.5,642.9
E08000033,Calderdale,Yorkshire and The Humber,149195,71.05,55.68,1,75.9,72.1,71.1,34.6,503.1,686.6
E08000034,Kirklees,Yorkshire and The Humber,307081,70.8,54.67,1,70.3,73.0,77.6,32.6,480.8,670.2
E08000035,Leeds,Yorkshire and The Humber,543033,71.39,49.69,0,74.9,74.6,69.5,33.0,498.4,700.8
E08000036,Wakefield,Yorkshire and The Humber,246096,71.17,66.36,1,70.0,75.4,72.6,23.2,461.0,644.9
E08000037,Gateshead,North East,145866,70.62,56.85,1,73.2,73.1,75.6,32.4,486.5,643.7
E09000001,City of London,London,5987,73.58,24.71,0,,,,,,
E09000002,Barking and Dagenham,London,115812,63.85,62.44,1,66.0,69.8,68.7,32.4,534.1,745.0
E09000003,Barnet,London,223467,72.14,37.77,0,68.8,73.9,72.9,49.1,628.5,862.4
E09000004,Bexley,London,170779,75.28,62.95,1,75.2,75.6,83.1,33.6,609.0,849.1
E09000005,Brent,London,186793,65.14,40.26,0,69.5,72.8,73.7,45.0,553.2,747.7
E09000006,Bromley,London,231473,78.87,49.35,0,75.6,79.3,75.6,47.1,682.1,959.0
E09000007,Camden,London,145425,65.52,25.06,0,69.2,70.2,69.0,61.1,726.4,877.8
E09000008,Croydon,London,245349,69.81,45.71,0,75.4,76.1,78.1,40.5,602.1,833.1
E09000009,Ealing,London,212991,70.08,39.6,0,73.0,73.0,81.3,49.6,561.5,791.3
E09000010,Enfield,London,198387,69.09,44.18,0,73.0,65.9,75.3,43.7,565.9,839.0
E09000011,Greenwich,London,168967,69.52,44.41,0,72.5,76.8,68.2,42.3,597.3,855.5
E09000012,Hackney,London,163284,65.18,21.52,0,69.0,72.4,81.3,49.1,602.1,882.0
E09000013,Hammersmith and Fulham,London,114863,69.95,29.98,0,77.0,75.8,74.7,66.7,686.3,874.2
E09000014,Haringey,London,150098,70.64,24.43,0,71.5,76.9,76.2,49.3,576.5,814.5
E09000015,Harrow,London,162397,72.26,45.37,0,73.9,68.6,74.4,47.8,626.9,853.1
E09000016,Havering,London,183082,76.02,69.66,1,76.4,75.2,78.8,26.1,624.7,823.9
E09000017,Hillingdon,London,193033,68.99,56.37,1,73.4,72.4,77.8,40.2,603.6,804.4
E09000018,Hounslow,London,165050,69.8,48.94,0,74.2,71.8,71.5,45.3,560.6,766.6
E09000019,Islington,London,144514,70.39,24.78,0,72.9,77.1,77.9,62.6,670.8,934.1
E09000020,Kensington and Chelsea,London,83042,65.99,31.31,0,68.0,65.9,62.9,64.8,771.4,990.0
E09000021,Kingston upon Thames,London,108838,78.4,38.39,0,74.2,78.2,80.6,53.6,710.2,844.4
E09000022,Lambeth,London,210800,67.44,21.38,0,78.5,78.2,78.4,64.8,616.5,896.9
E09000023,Lewisham,London,197514,63.1,30.14,0,75.8,79.9,75.7,53.2,606.6,839.0
E09000024,Merton,London,136352,73.49,37.06,0,78.8,80.3,82.9,57.9,619.6,881.6
E09000025,Newham,London,176985,59.25,47.16,0,66.2,71.1,70.6,43.1,505.8,758.5
E09000026,Redbridge,London,189843,67.63,46.03,0,68.6,70.2,70.1,44.7,653.7,819.7
E09000027,Richmond upon Thames,London,132632,82.09,30.71,0,79.5,81.3,74.0,69.7,743.9,960.5
E09000028,Southwark,London,195875,66.2,27.19,0,74.3,78.1,73.8,56.7,642.4,882.4
E09000029,Sutton,London,140288,76.01,53.72,1,78.1,78.5,75.0,42.4,605.6,853.2
E09000030,Tower Hamlets,London,167820,64.6,32.54,0,70.5,71.4,75.2,45.8,634.7,887.6
E09000031,Waltham Forest,London,162983,66.69,40.9,0,73.2,74.4,81.4,42.6,546.9,839.7
E09000032,Wandsworth,London,219521,71.98,24.97,0,78.5,80.5,83.4,66.1,719.7,925.6
E09000033,Westminster,London,120524,64.99,31.03,0,65.6,71.3,74.7,62.6,766.5,958.2
S12000005,Clackmannanshire,Scotland,37841,67.23,42.22,0,72.0,74.4,62.9,34.2,546.5,752.2
S12000006,Dumfries and Galloway,Scotland,115837,71.41,46.94,0,75.4,75.1,80.0,32.1,458.2,682.9
S12000008,East Ayrshire,Scotland,91977,62.91,41.4,0,69.6,74.3,70.5,35.5,523.7,690.0
S12000010,East Lothian,Scotland,77788,71.73,35.4,0,75.2,78.9,82.8,41.5,557.2,737.7
S12000011,East Renfrewshire,Scotland,69575,76.13,25.68,0,74.3,73.4,79.0,53.6,668.6,859.3
S12000013,Eilean Siar,Scotland,21259,70.18,44.76,0,77.9,82.3,77.0,41.9,495.5,743.1
S12000014,Falkirk,Scotland,117392,67.55,43.24,0,74.3,74.1,72.6,36.5,513.0,722.1
S12000015,Fife,Scotland,272995,66.78,41.41,0,73.2,73.7,74.8,42.6,517.3,732.0
S12000017,Highland,Scotland,175563,71.61,44.05,0,81.0,78.7,80.2,38.5,490.7,737.2
S12000018,Inverclyde,Scotland,58624,66.05,36.2,0,67.5,68.3,67.8,35.2,519.2,685.5
S12000019,Midlothian,Scotland,66758,68.15,37.94,0,75.1,80.4,77.2,39.9,497.3,741.8
S12000020,Moray,Scotland,71370,67.45,49.87,0,73.4,75.0,74.8,32.3,491.1,639.8
S12000021,North Ayrshire,Scotland,104572,64.59,43.12,0,63.8,70.5,64.3,34.2,480.8,742.4
S12000023,Orkney Islands,Scotland,16658,68.45,36.84,0,86.8,87.1,,31.2,518.3,775.5
S12000024,Perth and Kinross,Scotland,110224,73.75,38.91,0,78.8,83.4,78.3,46.7,516.2,754.6
S12000026,Scottish Borders,Scotland,88440,73.44,41.53,0,76.1,76.2,74.6,41.6,503.5,663.7
S12000027,Shetland Islands,Scotland,17375,70.39,43.49,0,87.4,77.6,86.2,46.6,592.6,782.1
S12000028,South Ayrshire,Scotland,88116,69.84,41.04,0,73.4,73.9,72.3,40.4,558.7,848.9
S12000029,South Lanarkshire,Scotland,248949,65.35,36.92,0,76.1,76.6,74.2,37.6,530.1,747.5
S12000030,Stirling,Scotland,66100,74.03,32.28,0,70.3,73.0,74.2,46.9,512.0,739.9
S12000033,Aberdeen City,Scotland,154266,67.94,38.9,0,76.7,79.1,74.7,46.8,559.0,720.3
S12000034,Aberdeenshire,Scotland,196809,70.63,44.99,0,80.6,80.8,79.8,45.5,572.6,784.3
S12000035,Argyll and Bute,Scotland,66642,73.13,39.43,0,75.4,74.6,78.7,38.8,488.6,709.4
S12000036,City of Edinburgh,Scotland,346073,72.96,25.56,0,72.7,75.1,81.1,57.9,555.3,782.0
S12000038,Renfrewshire,Scotland,127294,69.29,35.19,0,73.8,76.9,76.3,42.7,533.0,747.2
S12000039,West Dunbartonshire,Scotland,67595,63.98,38.01,0,68.8,73.9,72.9,32.0,500.7,722.3
S12000040,West Lothian,Scotland,130925,67.64,41.75,0,73.2,77.8,72.6,37.4,502.3,722.7
S12000041,Angus,Scotland,87137,68.03,44.74,0,73.7,75.7,68.5,42.1,526.0,682.5
S12000042,Dundee City,Scotland,105554,62.92,40.22,0,63.7,68.6,68.4,37.5,463.1,663.2
S12000044,North Lanarkshire,Scotland,254567,60.91,38.34,0,71.3,74.3,72.4,32.8,510.8,739.0
S12000045,East Dunbartonshire,Scotland,83031,75.17,28.6,0,74.8,77.5,77.4,53.8,617.9,860.1
S12000046,Glasgow City,Scotland,449806,56.25,33.41,0,66.8,67.3,65.6,46.6,514.9,721.5
W06000001,Isle of Anglesey,Wales,51445,73.82,50.94,1,73.9,77.1,74.1,35.2,481.9,702.7
W06000002,Gwynedd,Wales,84575,72.42,41.95,0,69.2,72.2,73.7,34.1,434.0,612.5
W06000003,Conwy,Wales,91368,71.75,53.98,1,70.3,74.8,73.1,35.4,492.0,684.1
W06000004,Denbighshire,Wales,75362,69.14,54.0,1,70.2,72.5,74.4,36.0,429.9,599.8
W06000005,Flintshire,Wales,115964,74.9,56.37,1,73.5,79.4,79.1,31.1,527.1,716.8
W06000006,Wrexham,Wales,98384,71.56,59.04,1,75.8,75.1,78.0,33.8,488.1,661.1
W06000008,Ceredigion,Wales,53400,74.48,45.37,0,64.0,65.1,77.3,32.1,423.5,670.3
W06000009,Pembrokeshire,Wales,92155,74.39,57.14,1,72.6,74.7,72.9,32.0,466.2,674.9
W06000010,Carmarthenshire,Wales,139227,74.07,53.75,1,71.1,71.8,71.9,31.7,464.8,701.2
W06000011,Swansea,Wales,172941,69.6,51.51,1,68.4,69.8,68.9,33.7,489.4,670.9
W06000012,Neath Port Talbot,Wales,105766,71.57,56.84,1,65.5,73.5,70.7,27.7,484.4,703.0
W06000013,Bridgend,Wales,104492,71.18,54.64,1,71.9,74.1,71.1,31.0,500.5,700.3
W06000014,Vale of Glamorgan,Wales,95011,76.15,49.27,0,73.4,76.4,74.0,40.9,529.1,751.8
W06000015,Cardiff,Wales,243689,69.66,39.98,0,67.8,76.0,71.9,43.4,519.0,693.4
W06000016,Rhondda Cynon Taf,Wales,172890,67.47,53.7,1,69.8,67.9,69.3,29.7,469.0,662.0
W06000018,Caerphilly,Wales,130801,70.74,57.63,1,67.8,70.0,74.9,28.1,478.7,676.9
W06000019,Blaenau Gwent,Wales,51136,68.08,62.03,1,65.0,68.7,67.5,19.1,403.5,686.2
W06000020,Torfaen,Wales,68957,69.86,59.78,1,71.3,71.5,72.1,27.6,485.6,653.5
W06000021,Monmouthshire,Wales,71607,77.74,49.56,0,78.0,77.6,79.3,41.6,610.5,787.8
W06000022,Newport,Wales,104977,70.21,55.99,1,69.0,73.8,73.2,34.1,463.2,672.9
W06000023,Powys,Wales,103270,77.0,53.74,1,76.7,76.1,72.3,36.4,461.1,675.5
W06000024,Merthyr Tydfil,Wales,42855,67.39,56.44,1,65.9,71.2,70.0,25.5,423.2,629.6
